[
 {
   "dataName": "_escape_intro",
   "textSequences": 10,
   "textTimeStamp1": 0,
   "textTimeStamp2": 7,
   "textTimeStamp3": 16,
   "textTimeStamp4": 32,
   "textTimeStamp5": 37,
   "textTimeStamp6": 41,
   "textTimeStamp7": 47,
   "textTimeStamp8": 52,
   "textTimeStamp9": 57,
   "textTimeStamp10": 62,
   "textTimeStamp11": null,
   "textTimeStamp12": null,
   "textTimeStamp13": null,
   "textTimeStamp14": null,
   "textTimeStamp15": "",
   "textTimeStamp16": "",
   "textTimeStamp17": "",
   "textTimeStamp18": "",
   "textTimeStamp19": "",
   "textTimeStamp20": ""
 },
 {
   "dataName": "_escape_win",
   "textSequences": 6,
   "textTimeStamp1": 0,
   "textTimeStamp2": 6,
   "textTimeStamp3": 11,
   "textTimeStamp4": 14,
   "textTimeStamp5": 19,
   "textTimeStamp6": 25,
   "textTimeStamp7": null,
   "textTimeStamp8": null,
   "textTimeStamp9": null,
   "textTimeStamp10": null,
   "textTimeStamp11": null,
   "textTimeStamp12": null,
   "textTimeStamp13": null,
   "textTimeStamp14": null,
   "textTimeStamp15": "",
   "textTimeStamp16": "",
   "textTimeStamp17": "",
   "textTimeStamp18": "",
   "textTimeStamp19": "",
   "textTimeStamp20": ""
 },
 {
   "dataName": "_exploit_intro",
   "textSequences": 11,
   "textTimeStamp1": 0,
   "textTimeStamp2": 8,
   "textTimeStamp3": 16,
   "textTimeStamp4": 32,
   "textTimeStamp5": 38,
   "textTimeStamp6": 43,
   "textTimeStamp7": 47,
   "textTimeStamp8": 53,
   "textTimeStamp9": 56,
   "textTimeStamp10": 59,
   "textTimeStamp11": 61,
   "textTimeStamp12": null,
   "textTimeStamp13": null,
   "textTimeStamp14": null,
   "textTimeStamp15": "",
   "textTimeStamp16": "",
   "textTimeStamp17": "",
   "textTimeStamp18": "",
   "textTimeStamp19": "",
   "textTimeStamp20": ""
 },
 {
   "dataName": "_exploit_win",
   "textSequences": 5,
   "textTimeStamp1": 0,
   "textTimeStamp2": 6,
   "textTimeStamp3": 16,
   "textTimeStamp4": 27,
   "textTimeStamp5": 30,
   "textTimeStamp6": null,
   "textTimeStamp7": null,
   "textTimeStamp8": null,
   "textTimeStamp9": null,
   "textTimeStamp10": null,
   "textTimeStamp11": null,
   "textTimeStamp12": null,
   "textTimeStamp13": null,
   "textTimeStamp14": null,
   "textTimeStamp15": "",
   "textTimeStamp16": "",
   "textTimeStamp17": "",
   "textTimeStamp18": "",
   "textTimeStamp19": "",
   "textTimeStamp20": ""
 },
 {
   "dataName": "_intro_general",
   "textSequences": 5,
   "textTimeStamp1": 0,
   "textTimeStamp2": 7,
   "textTimeStamp3": 14,
   "textTimeStamp4": 27,
   "textTimeStamp5": 34,
   "textTimeStamp6": null,
   "textTimeStamp7": null,
   "textTimeStamp8": null,
   "textTimeStamp9": null,
   "textTimeStamp10": null,
   "textTimeStamp11": null,
   "textTimeStamp12": null,
   "textTimeStamp13": null,
   "textTimeStamp14": null,
   "textTimeStamp15": "",
   "textTimeStamp16": "",
   "textTimeStamp17": "",
   "textTimeStamp18": "",
   "textTimeStamp19": "",
   "textTimeStamp20": ""
 },
 {
   "dataName": "_resist_intro",
   "textSequences": 11,
   "textTimeStamp1": 0,
   "textTimeStamp2": 8,
   "textTimeStamp3": 17,
   "textTimeStamp4": 34,
   "textTimeStamp5": 40,
   "textTimeStamp6": 44,
   "textTimeStamp7": 47,
   "textTimeStamp8": 51,
   "textTimeStamp9": 56,
   "textTimeStamp10": 59,
   "textTimeStamp11": 63,
   "textTimeStamp12": null,
   "textTimeStamp13": null,
   "textTimeStamp14": null,
   "textTimeStamp15": "",
   "textTimeStamp16": "",
   "textTimeStamp17": "",
   "textTimeStamp18": "",
   "textTimeStamp19": "",
   "textTimeStamp20": ""
 },
 {
   "dataName": "_resist_win",
   "textSequences": 8,
   "textTimeStamp1": 0,
   "textTimeStamp2": 4,
   "textTimeStamp3": 7,
   "textTimeStamp4": 12,
   "textTimeStamp5": 17,
   "textTimeStamp6": 20,
   "textTimeStamp7": 27,
   "textTimeStamp8": 34,
   "textTimeStamp9": null,
   "textTimeStamp10": null,
   "textTimeStamp11": null,
   "textTimeStamp12": null,
   "textTimeStamp13": null,
   "textTimeStamp14": null,
   "textTimeStamp15": "",
   "textTimeStamp16": "",
   "textTimeStamp17": "",
   "textTimeStamp18": "",
   "textTimeStamp19": "",
   "textTimeStamp20": ""
 },
 {
   "dataName": "_submit_intro",
   "textSequences": 14,
   "textTimeStamp1": 0,
   "textTimeStamp2": 6,
   "textTimeStamp3": 15,
   "textTimeStamp4": 31,
   "textTimeStamp5": 38,
   "textTimeStamp6": 42,
   "textTimeStamp7": 44,
   "textTimeStamp8": 46,
   "textTimeStamp9": 48,
   "textTimeStamp10": 49,
   "textTimeStamp11": 52,
   "textTimeStamp12": 56,
   "textTimeStamp13": 60,
   "textTimeStamp14": 65,
   "textTimeStamp15": "",
   "textTimeStamp16": "",
   "textTimeStamp17": "",
   "textTimeStamp18": "",
   "textTimeStamp19": "",
   "textTimeStamp20": ""
 },
 {
   "dataName": "_submit_win",
   "textSequences": 5,
   "textTimeStamp1": 0,
   "textTimeStamp2": 6,
   "textTimeStamp3": 10,
   "textTimeStamp4": 15,
   "textTimeStamp5": 19,
   "textTimeStamp6": null,
   "textTimeStamp7": null,
   "textTimeStamp8": null,
   "textTimeStamp9": null,
   "textTimeStamp10": null,
   "textTimeStamp11": null,
   "textTimeStamp12": null,
   "textTimeStamp13": null,
   "textTimeStamp14": null,
   "textTimeStamp15": "",
   "textTimeStamp16": "",
   "textTimeStamp17": "",
   "textTimeStamp18": "",
   "textTimeStamp19": "",
   "textTimeStamp20": ""
 },
 {
   "dataName": "_appease_intro",
   "textSequences": 8,
   "textTimeStamp1": 0,
   "textTimeStamp2": 6,
   "textTimeStamp3": 14,
   "textTimeStamp4": 31,
   "textTimeStamp5": 37,
   "textTimeStamp6": 42,
   "textTimeStamp7": 46,
   "textTimeStamp8": 52,
   "textTimeStamp9": null,
   "textTimeStamp10": null,
   "textTimeStamp11": null,
   "textTimeStamp12": null,
   "textTimeStamp13": null,
   "textTimeStamp14": null,
   "textTimeStamp15": "",
   "textTimeStamp16": "",
   "textTimeStamp17": "",
   "textTimeStamp18": "",
   "textTimeStamp19": "",
   "textTimeStamp20": ""
 },
 {
   "dataName": "_appease_win",
   "textSequences": 8,
   "textTimeStamp1": 0,
   "textTimeStamp2": 5,
   "textTimeStamp3": 10,
   "textTimeStamp4": 13,
   "textTimeStamp5": 15,
   "textTimeStamp6": 22,
   "textTimeStamp7": 28,
   "textTimeStamp8": 31,
   "textTimeStamp9": null,
   "textTimeStamp10": null,
   "textTimeStamp11": null,
   "textTimeStamp12": null,
   "textTimeStamp13": null,
   "textTimeStamp14": null,
   "textTimeStamp15": "",
   "textTimeStamp16": "",
   "textTimeStamp17": "",
   "textTimeStamp18": "",
   "textTimeStamp19": "",
   "textTimeStamp20": ""
 },
 {
   "dataName": "_cooperate_intro",
   "textSequences": 11,
   "textTimeStamp1": 0,
   "textTimeStamp2": 7,
   "textTimeStamp3": 16,
   "textTimeStamp4": 32,
   "textTimeStamp5": 37,
   "textTimeStamp6": 43,
   "textTimeStamp7": 48,
   "textTimeStamp8": 53,
   "textTimeStamp9": 59,
   "textTimeStamp10": 62,
   "textTimeStamp11": 66,
   "textTimeStamp12": null,
   "textTimeStamp13": null,
   "textTimeStamp14": null,
   "textTimeStamp15": "",
   "textTimeStamp16": "",
   "textTimeStamp17": "",
   "textTimeStamp18": "",
   "textTimeStamp19": "",
   "textTimeStamp20": ""
 },
 {
   "dataName": "_cooperate_win",
   "textSequences": 5,
   "textTimeStamp1": 0,
   "textTimeStamp2": 5,
   "textTimeStamp3": 10,
   "textTimeStamp4": 15,
   "textTimeStamp5": 22,
   "textTimeStamp6": null,
   "textTimeStamp7": null,
   "textTimeStamp8": null,
   "textTimeStamp9": null,
   "textTimeStamp10": null,
   "textTimeStamp11": null,
   "textTimeStamp12": null,
   "textTimeStamp13": null,
   "textTimeStamp14": null,
   "textTimeStamp15": "",
   "textTimeStamp16": "",
   "textTimeStamp17": "",
   "textTimeStamp18": "",
   "textTimeStamp19": "",
   "textTimeStamp20": ""
 },
 {
   "dataName": "_destroy_intro",
   "textSequences": 12,
   "textTimeStamp1": 0,
   "textTimeStamp2": 6,
   "textTimeStamp3": 15,
   "textTimeStamp4": 32,
   "textTimeStamp5": 38,
   "textTimeStamp6": 42,
   "textTimeStamp7": 46,
   "textTimeStamp8": 52,
   "textTimeStamp9": 56,
   "textTimeStamp10": 60,
   "textTimeStamp11": 63,
   "textTimeStamp12": 66,
   "textTimeStamp13": null,
   "textTimeStamp14": null,
   "textTimeStamp15": "",
   "textTimeStamp16": "",
   "textTimeStamp17": "",
   "textTimeStamp18": "",
   "textTimeStamp19": "",
   "textTimeStamp20": ""
 },
 {
   "dataName": "_destroy_win",
   "textSequences": 6,
   "textTimeStamp1": 0,
   "textTimeStamp2": 6,
   "textTimeStamp3": 10,
   "textTimeStamp4": 13,
   "textTimeStamp5": 20,
   "textTimeStamp6": 25,
   "textTimeStamp7": null,
   "textTimeStamp8": null,
   "textTimeStamp9": null,
   "textTimeStamp10": null,
   "textTimeStamp11": null,
   "textTimeStamp12": null,
   "textTimeStamp13": null,
   "textTimeStamp14": null,
   "textTimeStamp15": "",
   "textTimeStamp16": "",
   "textTimeStamp17": "",
   "textTimeStamp18": "",
   "textTimeStamp19": "",
   "textTimeStamp20": ""
 },
 {
   "dataName": "_intro_general_escape",
   "textSequences": 10,
   "textTimeStamp1": 0,
   "textTimeStamp2": 7,
   "textTimeStamp3": 16,
   "textTimeStamp4": 32,
   "textTimeStamp5": 37,
   "textTimeStamp6": 41,
   "textTimeStamp7": 47,
   "textTimeStamp8": 52,
   "textTimeStamp9": 57,
   "textTimeStamp10": 62,
   "textTimeStamp11": null,
   "textTimeStamp12": null,
   "textTimeStamp13": null,
   "textTimeStamp14": null,
   "textTimeStamp15": "",
   "textTimeStamp16": "",
   "textTimeStamp17": "",
   "textTimeStamp18": "",
   "textTimeStamp19": "",
   "textTimeStamp20": ""
 },
 {
   "dataName": "_intro_general_exploit",
   "textSequences": 11,
   "textTimeStamp1": 0,
   "textTimeStamp2": 8,
   "textTimeStamp3": 16,
   "textTimeStamp4": 32,
   "textTimeStamp5": 38,
   "textTimeStamp6": 43,
   "textTimeStamp7": 47,
   "textTimeStamp8": 53,
   "textTimeStamp9": 56,
   "textTimeStamp10": 59,
   "textTimeStamp11": 61,
   "textTimeStamp12": null,
   "textTimeStamp13": null,
   "textTimeStamp14": null,
   "textTimeStamp15": "",
   "textTimeStamp16": "",
   "textTimeStamp17": "",
   "textTimeStamp18": "",
   "textTimeStamp19": "",
   "textTimeStamp20": ""
 },
 {
   "dataName": "_intro_general_resist",
   "textSequences": 11,
   "textTimeStamp1": 0,
   "textTimeStamp2": 8,
   "textTimeStamp3": 17,
   "textTimeStamp4": 34,
   "textTimeStamp5": 40,
   "textTimeStamp6": 44,
   "textTimeStamp7": 47,
   "textTimeStamp8": 51,
   "textTimeStamp9": 56,
   "textTimeStamp10": 59,
   "textTimeStamp11": 63,
   "textTimeStamp12": null,
   "textTimeStamp13": null,
   "textTimeStamp14": null,
   "textTimeStamp15": "",
   "textTimeStamp16": "",
   "textTimeStamp17": "",
   "textTimeStamp18": "",
   "textTimeStamp19": "",
   "textTimeStamp20": ""
 },
 {
   "dataName": "_intro_general_submit",
   "textSequences": 14,
   "textTimeStamp1": 0,
   "textTimeStamp2": 6,
   "textTimeStamp3": 15,
   "textTimeStamp4": 31,
   "textTimeStamp5": 38,
   "textTimeStamp6": 42,
   "textTimeStamp7": 44,
   "textTimeStamp8": 46,
   "textTimeStamp9": 48,
   "textTimeStamp10": 49,
   "textTimeStamp11": 52,
   "textTimeStamp12": 56,
   "textTimeStamp13": 60,
   "textTimeStamp14": 65,
   "textTimeStamp15": "",
   "textTimeStamp16": "",
   "textTimeStamp17": "",
   "textTimeStamp18": "",
   "textTimeStamp19": "",
   "textTimeStamp20": ""
 },
 {
   "dataName": "_intro_general_appease",
   "textSequences": 8,
   "textTimeStamp1": 0,
   "textTimeStamp2": 6,
   "textTimeStamp3": 14,
   "textTimeStamp4": 31,
   "textTimeStamp5": 37,
   "textTimeStamp6": 42,
   "textTimeStamp7": 46,
   "textTimeStamp8": 52,
   "textTimeStamp9": null,
   "textTimeStamp10": null,
   "textTimeStamp11": null,
   "textTimeStamp12": null,
   "textTimeStamp13": null,
   "textTimeStamp14": null,
   "textTimeStamp15": "",
   "textTimeStamp16": "",
   "textTimeStamp17": "",
   "textTimeStamp18": "",
   "textTimeStamp19": "",
   "textTimeStamp20": ""
 },
 {
   "dataName": "_intro_general_cooperate",
   "textSequences": 11,
   "textTimeStamp1": 0,
   "textTimeStamp2": 7,
   "textTimeStamp3": 16,
   "textTimeStamp4": 32,
   "textTimeStamp5": 37,
   "textTimeStamp6": 43,
   "textTimeStamp7": 48,
   "textTimeStamp8": 53,
   "textTimeStamp9": 59,
   "textTimeStamp10": 62,
   "textTimeStamp11": 66,
   "textTimeStamp12": null,
   "textTimeStamp13": null,
   "textTimeStamp14": null,
   "textTimeStamp15": "",
   "textTimeStamp16": "",
   "textTimeStamp17": "",
   "textTimeStamp18": "",
   "textTimeStamp19": "",
   "textTimeStamp20": ""
 },
 {
   "dataName": "_intro_general_destroy",
   "textSequences": 12,
   "textTimeStamp1": 0,
   "textTimeStamp2": 6,
   "textTimeStamp3": 15,
   "textTimeStamp4": 32,
   "textTimeStamp5": 38,
   "textTimeStamp6": 42,
   "textTimeStamp7": 46,
   "textTimeStamp8": 52,
   "textTimeStamp9": 56,
   "textTimeStamp10": 60,
   "textTimeStamp11": 63,
   "textTimeStamp12": 66,
   "textTimeStamp13": null,
   "textTimeStamp14": null,
   "textTimeStamp15": "",
   "textTimeStamp16": "",
   "textTimeStamp17": "",
   "textTimeStamp18": "",
   "textTimeStamp19": "",
   "textTimeStamp20": ""
 }
]