[
 {
   "dataName": "USAInfantryKorea",
   "friendlyName": "2nd Infantry",
   "startRegionStr": "SouthKorea",
   "homeRegionStr": "Cascadia",
   "armyType": "Human",
   "deploymentType": "Naval",
   "startingStrength": 1
 },
 {
   "dataName": "USAInfantryDixie",
   "friendlyName": "3rd Infantry",
   "startRegionStr": "Dixie",
   "homeRegionStr": "Dixie",
   "armyType": "Human",
   "deploymentType": "Naval",
   "startingStrength": 1
 },
 {
   "dataName": "USAMarinesCalifornia",
   "friendlyName": "1st Marines",
   "startRegionStr": "California",
   "homeRegionStr": "California",
   "armyType": "Human",
   "deploymentType": "Naval",
   "startingStrength": 1
 },
 {
   "dataName": "USAArmoredTexas",
   "friendlyName": "1st Armored",
   "startRegionStr": "Texas",
   "homeRegionStr": "Texas",
   "armyType": "Human",
   "deploymentType": "Naval",
   "startingStrength": 1
 },
 {
   "dataName": "USAInfantryHighPlains",
   "friendlyName": "1st Infantry",
   "startRegionStr": "HighPlains",
   "homeRegionStr": "HighPlains",
   "armyType": "Human",
   "deploymentType": "Naval",
   "startingStrength": 1
 },
 {
   "dataName": "USAMarinesDixie",
   "friendlyName": "2nd Marines",
   "startRegionStr": "Shenandoah",
   "homeRegionStr": "Shenandoah",
   "armyType": "Human",
   "deploymentType": "Naval",
   "startingStrength": 1
 },
 {
   "dataName": "GBRArmoredEngland",
   "friendlyName": "1st Armored",
   "startRegionStr": "England",
   "homeRegionStr": "England",
   "armyType": "Human",
   "deploymentType": "Naval",
   "startingStrength": 1
 },
 {
   "dataName": "EUABlindeeFrance",
   "friendlyName": "1st Blindee",
   "startRegionStr": "France",
   "homeRegionStr": "France",
   "armyType": "Human",
   "deploymentType": "Naval",
   "startingStrength": 1
 },
 {
   "dataName": "EUAPanzersGermany",
   "friendlyName": "1st Panzers",
   "startRegionStr": "Germany",
   "homeRegionStr": "Germany",
   "armyType": "Human",
   "deploymentType": "Standard",
   "startingStrength": 1
 },
 {
   "dataName": "RUSArmyMoskva",
   "friendlyName": "20th Guards Army",
   "startRegionStr": "Moskva",
   "homeRegionStr": "Moskva",
   "armyType": "Human",
   "deploymentType": "Standard",
   "startingStrength": 1
 },
 {
   "dataName": "RUSTankPetersburg",
   "friendlyName": "1st Tank Army",
   "startRegionStr": "Kharkiv",
   "homeRegionStr": "Novgorod",
   "armyType": "Human",
   "deploymentType": "Naval",
   "startingStrength": 0.15
 },
 {
   "dataName": "RUSGuardsRostovskaya",
   "friendlyName": "8th Guards Army",
   "startRegionStr": "Kharkiv",
   "homeRegionStr": "Rostovskaya",
   "armyType": "Human",
   "deploymentType": "Standard",
   "startingStrength": 0.55
 },
 {
   "dataName": "RUSArmyRussianFarEast",
   "friendlyName": "5th Guards Army",
   "startRegionStr": "RussianFarEast",
   "homeRegionStr": "Volga",
   "armyType": "Human",
   "deploymentType": "Standard",
   "startingStrength": 1
 },
 {
   "dataName": "CHNArmyNanjing",
   "friendlyName": "81st Group Army",
   "startRegionStr": "Beijing",
   "homeRegionStr": "Beijing",
   "armyType": "Human",
   "deploymentType": "Naval",
   "startingStrength": 1
 },
 {
   "dataName": "CHNArmyShanghai",
   "friendlyName": "73rd Group Army",
   "startRegionStr": "Shanghai",
   "homeRegionStr": "Shanghai",
   "armyType": "Human",
   "deploymentType": "Naval",
   "startingStrength": 1
 },
 {
   "dataName": "CHNArmyManchuria",
   "friendlyName": "79th Group Army",
   "startRegionStr": "Manchuria",
   "homeRegionStr": "Manchuria",
   "armyType": "Human",
   "deploymentType": "Standard",
   "startingStrength": 1
 },
 {
   "dataName": "CHNArmyWuhan",
   "friendlyName": "75th Group Army",
   "startRegionStr": "Guizhou",
   "homeRegionStr": "Guizhou",
   "armyType": "Human",
   "deploymentType": "Standard",
   "startingStrength": 1
 },
 {
   "dataName": "INDArmyDelhi",
   "friendlyName": "XII Corps",
   "startRegionStr": "NewDelhi",
   "homeRegionStr": "NewDelhi",
   "armyType": "Human",
   "deploymentType": "Naval",
   "startingStrength": 1
 },
 {
   "dataName": "INDArmyKashmir",
   "friendlyName": "X Corps",
   "startRegionStr": "Jaipur",
   "homeRegionStr": "Jaipur",
   "armyType": "Human",
   "deploymentType": "Standard",
   "startingStrength": 1
 },
 {
   "dataName": "INDArmyAssam",
   "friendlyName": "IV Corps",
   "startRegionStr": "Assam",
   "homeRegionStr": "Kolkata",
   "armyType": "Human",
   "deploymentType": "Standard",
   "startingStrength": 1
 },
 {
   "dataName": "INDArmyJammu",
   "friendlyName": "XVI Corps",
   "startRegionStr": "JammuandKashmir",
   "homeRegionStr": "Mumbai",
   "armyType": "Human",
   "deploymentType": "Standard",
   "startingStrength": 1
 },
 {
   "dataName": "PAKArmyPunjab",
   "friendlyName": "I Strike Corps",
   "startRegionStr": "Punjab",
   "homeRegionStr": "Punjab",
   "armyType": "Human",
   "deploymentType": "Standard",
   "startingStrength": 1
 },
 {
   "dataName": "PRKArmy",
   "friendlyName": "820th Armored",
   "startRegionStr": "NorthKorea",
   "homeRegionStr": "NorthKorea",
   "armyType": "Human",
   "deploymentType": "Standard",
   "startingStrength": 1
 },
 {
   "dataName": "ISRArmy",
   "friendlyName": "36th Armored",
   "startRegionStr": "Israel",
   "homeRegionStr": "Israel",
   "armyType": "Human",
   "deploymentType": "Standard",
   "startingStrength": 1
 },
 {
   "dataName": "KORArmy",
   "friendlyName": "1st Army",
   "startRegionStr": "SouthKorea",
   "homeRegionStr": "SouthKorea",
   "armyType": "Human",
   "deploymentType": "Standard",
   "startingStrength": 1
 },
 {
   "dataName": "TURArmy",
   "friendlyName": "2nd Army",
   "startRegionStr": "Diyarbakir",
   "homeRegionStr": "Anatolia",
   "armyType": "Human",
   "deploymentType": "Standard",
   "startingStrength": 1
 },
 {
   "dataName": "EGYArmy",
   "friendlyName": "1st Field Army",
   "startRegionStr": "Egypt",
   "homeRegionStr": "Egypt",
   "armyType": "Human",
   "deploymentType": "Standard",
   "startingStrength": 1
 },
 {
   "dataName": "IRNArmy",
   "friendlyName": "1st Army",
   "startRegionStr": "Tehran",
   "homeRegionStr": "Tehran",
   "armyType": "Human",
   "deploymentType": "Standard",
   "startingStrength": 1
 },
 {
   "dataName": "ISRArmyCombined",
   "friendlyName": "36th Armored",
   "startRegionStr": "CombinedIsrael",
   "homeRegionStr": "CombinedIsrael",
   "armyType": "Human",
   "deploymentType": "Standard",
   "startingStrength": 1
 }
]