[
 {
   "dataName": "ENG_AMER_F_0",
   "voiceActor": "Tamara Ryan",
   "enable": true,
   "language": "ENG",
   "accent": "AMER",
   "gender": "F",
   "index": 0
 },
 {
   "dataName": "ENG_AMER_F_1",
   "voiceActor": "Rochelle Chiang",
   "enable": true,
   "language": "ENG",
   "accent": "AMER",
   "gender": "F",
   "index": 1
 },
 {
   "dataName": "ENG_AMER_F_2",
   "voiceActor": "Sandra Osborne",
   "enable": true,
   "language": "ENG",
   "accent": "AMER",
   "gender": "F",
   "index": 2
 },
 {
   "dataName": "ENG_AMER_F_3",
   "voiceActor": "Keaton T",
   "enable": true,
   "language": "ENG",
   "accent": "AMER",
   "gender": "F",
   "index": 3
 },
 {
   "dataName": "ENG_AMER_M_0",
   "voiceActor": "Jim Lenaway",
   "enable": true,
   "language": "ENG",
   "accent": "AMER",
   "gender": "M",
   "index": 0
 },
 {
   "dataName": "ENG_AMER_M_1",
   "voiceActor": "Andy Mack",
   "enable": true,
   "language": "ENG",
   "accent": "AMER",
   "gender": "M",
   "index": 1
 },
 {
   "dataName": "ENG_AMER_M_2",
   "voiceActor": "Mike Apgar",
   "enable": true,
   "language": "ENG",
   "accent": "AMER",
   "gender": "M",
   "index": 2
 },
 {
   "dataName": "ENG_AMER_M_3",
   "voiceActor": "Damon Alums",
   "enable": true,
   "language": "ENG",
   "accent": "AMER",
   "gender": "M",
   "index": 3
 },
 {
   "dataName": "ENG_AUST_F_0",
   "voiceActor": "Josephine Croft",
   "enable": true,
   "language": "ENG",
   "accent": "AUST",
   "gender": "F",
   "index": 0
 },
 {
   "dataName": "ENG_AUST_M_0",
   "voiceActor": "Les Horovitz",
   "enable": true,
   "language": "ENG",
   "accent": "AUST",
   "gender": "M",
   "index": 0
 },
 {
   "dataName": "ENG_CRIB_F_0",
   "voiceActor": "Heidi Kwiat",
   "enable": true,
   "language": "ENG",
   "accent": "CRIB",
   "gender": "F",
   "index": 0
 },
 {
   "dataName": "ENG_CRIB_M_0",
   "voiceActor": "Ian Phillips",
   "enable": true,
   "language": "ENG",
   "accent": "CRIB",
   "gender": "M",
   "index": 0
 },
 {
   "dataName": "ENG_ENGL_F_0",
   "voiceActor": "Helen Clapp",
   "enable": true,
   "language": "ENG",
   "accent": "ENGL",
   "gender": "F",
   "index": 0
 },
 {
   "dataName": "ENG_ENGL_F_1",
   "voiceActor": "Lizzie Crow",
   "enable": true,
   "language": "ENG",
   "accent": "ENGL",
   "gender": "F",
   "index": 1
 },
 {
   "dataName": "ENG_ENGL_F_2",
   "voiceActor": "Sophie Roberts",
   "enable": true,
   "language": "ENG",
   "accent": "ENGL",
   "gender": "F",
   "index": 2
 },
 {
   "dataName": "ENG_ENGL_M_0",
   "voiceActor": "Steven Kelly",
   "enable": true,
   "language": "ENG",
   "accent": "ENGL",
   "gender": "M",
   "index": 0
 },
 {
   "dataName": "ENG_ENGL_M_1",
   "voiceActor": "Thom Welham",
   "enable": true,
   "language": "ENG",
   "accent": "ENGL",
   "gender": "M",
   "index": 1
 },
 {
   "dataName": "ENG_ENGL_M_2",
   "voiceActor": "Conor James",
   "enable": true,
   "language": "ENG",
   "accent": "ENGL",
   "gender": "M",
   "index": 2
 },
 {
   "dataName": "ENG_HING_F_0",
   "voiceActor": "Mohita Namjoshi",
   "enable": true,
   "language": "ENG",
   "accent": "HING",
   "gender": "F",
   "index": 0
 },
 {
   "dataName": "ENG_HING_F_1",
   "voiceActor": "Mamta Gurnani",
   "enable": true,
   "language": "ENG",
   "accent": "HING",
   "gender": "F",
   "index": 1
 },
 {
   "dataName": "ENG_HING_M_0",
   "voiceActor": "Vikram Rawat",
   "enable": true,
   "language": "ENG",
   "accent": "HING",
   "gender": "M",
   "index": 0
 },
 {
   "dataName": "ENG_HING_M_1",
   "voiceActor": "Gagan Pathak",
   "enable": true,
   "language": "ENG",
   "accent": "HING",
   "gender": "M",
   "index": 1
 },
 {
   "dataName": "ENG_IRSH_F_0",
   "voiceActor": "Jenny Fennessy",
   "enable": true,
   "language": "ENG",
   "accent": "IRSH",
   "gender": "F",
   "index": 0
 },
 {
   "dataName": "ENG_IRSH_M_0",
   "voiceActor": "Alan Kelly",
   "enable": true,
   "language": "ENG",
   "accent": "IRSH",
   "gender": "M",
   "index": 0
 },
 {
   "dataName": "ENG_LATN_F_0",
   "voiceActor": "Diana Silva",
   "enable": true,
   "language": "ENG",
   "accent": "LATN",
   "gender": "F",
   "index": 0
 },
 {
   "dataName": "ENG_LATN_F_1",
   "voiceActor": "Anita Lauren",
   "enable": true,
   "language": "ENG",
   "accent": "LATN",
   "gender": "F",
   "index": 1
 },
 {
   "dataName": "ENG_LATN_M_0",
   "voiceActor": "Carlos Cerrato",
   "enable": true,
   "language": "ENG",
   "accent": "LATN",
   "gender": "M",
   "index": 0
 },
 {
   "dataName": "ENG_LATN_M_1",
   "voiceActor": "Fernando Macias Jimenez",
   "enable": true,
   "language": "ENG",
   "accent": "LATN",
   "gender": "M",
   "index": 1
 },
 {
   "dataName": "ENG_RUSN_F_0",
   "voiceActor": "Marina Kalmykova",
   "enable": true,
   "language": "ENG",
   "accent": "RUSN",
   "gender": "F",
   "index": 0
 },
 {
   "dataName": "ENG_RUSN_M_0",
   "voiceActor": "Sebastian Agner",
   "enable": true,
   "language": "ENG",
   "accent": "RUSN",
   "gender": "M",
   "index": 0
 },
 {
   "dataName": "ENG_SAFR_F_0",
   "voiceActor": "Gaelle Gosselin",
   "enable": true,
   "language": "ENG",
   "accent": "SAFR",
   "gender": "F",
   "index": 0
 },
 {
   "dataName": "ENG_SAFR_M_0",
   "voiceActor": "Jesse Meiring",
   "enable": true,
   "language": "ENG",
   "accent": "SAFR",
   "gender": "M",
   "index": 0
 },
 {
   "dataName": "ENG_SCOT_F_0",
   "voiceActor": "Mhairi Morrison",
   "enable": true,
   "language": "ENG",
   "accent": "SCOT",
   "gender": "F",
   "index": 0
 },
 {
   "dataName": "ENG_SCOT_M_0",
   "voiceActor": "Kieran Flitton",
   "enable": true,
   "language": "ENG",
   "accent": "SCOT",
   "gender": "M",
   "index": 0
 },
 {
   "dataName": "ENG_SING_F_0",
   "voiceActor": "Lina Sinuan",
   "enable": true,
   "language": "ENG",
   "accent": "SING",
   "gender": "F",
   "index": 0
 },
 {
   "dataName": "ENG_SING_F_1",
   "voiceActor": "Val Cheah",
   "enable": true,
   "language": "ENG",
   "accent": "SING",
   "gender": "F",
   "index": 1
 },
 {
   "dataName": "ENG_SING_M_0",
   "voiceActor": "Hagen Valerio",
   "enable": true,
   "language": "ENG",
   "accent": "SING",
   "gender": "M",
   "index": 0
 },
 {
   "dataName": "ENG_SING_M_1",
   "voiceActor": "Jati Andito",
   "enable": true,
   "language": "ENG",
   "accent": "SING",
   "gender": "M",
   "index": 1
 },
 {
   "dataName": "ENG_AFR_F_0",
   "voiceActor": "Ore Apampa",
   "enable": true,
   "language": "ENG",
   "accent": "AFR",
   "gender": "F",
   "index": 0
 },
 {
   "dataName": "ENG_AFR_M_0",
   "voiceActor": "Uzy Hamman",
   "enable": true,
   "language": "ENG",
   "accent": "AFR",
   "gender": "M",
   "index": 0
 },
 {
   "dataName": "ENG_AFR_F_1",
   "voiceActor": "Rachel Oladejo",
   "enable": true,
   "language": "ENG",
   "accent": "AFR",
   "gender": "F",
   "index": 1
 },
 {
   "dataName": "ENG_AFR_M_1",
   "voiceActor": "Jonathan Mabote ",
   "enable": true,
   "language": "ENG",
   "accent": "AFR",
   "gender": "M",
   "index": 1
 },
 {
   "dataName": "ENG_EURO_M_0",
   "voiceActor": "Jonathan Brandt",
   "enable": true,
   "language": "ENG",
   "accent": "EURO",
   "gender": "M",
   "index": 0
 },
 {
   "dataName": "ENG_EURO_F_0",
   "voiceActor": "Nadia Cavelle",
   "enable": true,
   "language": "ENG",
   "accent": "EURO",
   "gender": "F",
   "index": 0
 },
 {
   "dataName": "ENG_EURO_M_1",
   "voiceActor": "Christian Michalak",
   "enable": true,
   "language": "ENG",
   "accent": "EURO",
   "gender": "M",
   "index": 1
 },
 {
   "dataName": "ENG_EURO_F_1",
   "voiceActor": "Sonja Palmu",
   "enable": true,
   "language": "ENG",
   "accent": "EURO",
   "gender": "F",
   "index": 1
 },
 {
   "dataName": "ENG_ARBC_M_0",
   "voiceActor": "Sarí AK",
   "enable": true,
   "language": "ENG",
   "accent": "ARBC",
   "gender": "M",
   "index": 0
 },
 {
   "dataName": "ENG_ARBC_F_0",
   "voiceActor": "Mona Saadeh",
   "enable": true,
   "language": "ENG",
   "accent": "ARBC",
   "gender": "F",
   "index": 0
 },
 {
   "dataName": "ENG_ARBC_M_1",
   "voiceActor": "Loay Al-Hakimi",
   "enable": true,
   "language": "ENG",
   "accent": "ARBC",
   "gender": "M",
   "index": 1
 },
 {
   "dataName": "ENG_ARBC_F_1",
   "voiceActor": "Silina Choueiry",
   "enable": true,
   "language": "ENG",
   "accent": "ARBC",
   "gender": "F",
   "index": 1
 }
]