[
 {
   "dataName": "ResistCouncil",
   "friendlyName": "The Resistance",
   "color": {
      "r": 0.45,
      "g": 0.63,
      "b": 0.9,
      "a": 1
   },
   "colorIntensity": 1.2,
   "playerMood": 1,
   "encMood": 8,
   "ideologyName": "resist",
   "victoryTemplateName": "vc_resistVictory",
   "winningOrg": "ResistWinner",
   "spaceOrg": "ResistSpaceGroup",
   "isAlien": false,
   "activePlayerAllowed": true,
   "difficulty": 0,
   "tutorialAllowed": true,
   "councilorIconBase": "_resist",
   "leaderDataname": "ResistLeader01",
   "defaultPresetName": "Resist",
   "hullIndex_default": 0,
   "hullIndex_chem": 0,
   "hullIndex_electric": 0,
   "hullIndex_fission": 0,
   "hullIndex_fusion": 1,
   "hullIndex_amat": 1,
   "councilIcon64": "faction_logos/FAC_ResistCouncil_64",
   "councilIcon128": "faction_logos/FAC_ResistCouncil_128",
   "councilIcon256": "faction_logos/FAC_ResistCouncil_256",
   "armyIcon": "mapicons/ICO_geoscape_ResistCouncil_army",
   "fleetIcon": "faction_logos/FAC_ResistCouncil_fleet",
   "stationIcon": "faction_logos/FAC_ResistCouncil_station",
   "baseIcon": "faction_logos/FAC_ResistCouncil_base",
   "habSectorIcon": "faction_logos/FAC_ResistCouncil_peripheral",
   "genericCouncilorIcon": "mapIcons/ICO_geoscape_councilor_resist_generic",
   "shipMaterialBundlePath": "shipmaterials_resistfaction",
   "cursorPath": "cursors/Cursor_ResistCouncil",
   "cinematicsPath": "cinematics/_resist",
   "smallShipNameListIdx": "Heroes",
   "mediumShipNameListIdx": "Qualities",
   "largeShipNameListIdx": "Battles",
   "habNameListIdx": "Commanders",
   "guaranteedMissions": [
      [
         "InvestigateAlienActivity",
         "GainInfluence"
      ],
      [
         "GainInfluence",
         "Coup"
      ]
   ],
   "AIValues": [
      {
         "proAlien": 0,
         "antiAlien": 1,
         "protectHumanLife": 1,
         "protectAlienLife": 0,
         "dirtyTricks": 0.75,
         "riskAversion": 0.85,
         "protectCouncilors": 1,
         "wantEarthWarCapability": 1,
         "wantSpaceWarCapability": 1.5,
         "wantSpaceFacilities": 1.5,
         "wantPopularity": 1,
         "gatherMoney": 1,
         "gatherInfluence": 1,
         "gatherOps": 1.1,
         "gatherScience": 1,
         "energyTechs": 1,
         "materialsTechs": 1,
         "informationTechs": 0.9,
         "lifeTechs": 0.9,
         "militaryTechs": 1,
         "socialTechs": 1,
         "spaceTechs": 1,
         "preserveLife": 1,
         "fleetSmalls": 4,
         "fleetMediums": 2
      },
      {
         "proAlien": 0,
         "antiAlien": 1,
         "protectHumanLife": 1,
         "protectAlienLife": 0,
         "dirtyTricks": 0.75,
         "riskAversion": 0.75,
         "protectCouncilors": 1,
         "wantEarthWarCapability": 1,
         "wantSpaceWarCapability": 1.5,
         "wantSpaceFacilities": 1.5,
         "wantPopularity": 1,
         "gatherMoney": 1,
         "gatherInfluence": 1,
         "gatherOps": 1.1,
         "gatherScience": 1,
         "energyTechs": 1.1,
         "materialsTechs": 1,
         "informationTechs": 0.9,
         "lifeTechs": 0.9,
         "militaryTechs": 1.1,
         "socialTechs": 1,
         "spaceTechs": 1.1,
         "preserveLife": 1,
         "fleetSmalls": 4,
         "fleetMediums": 2
      },
      {
         "proAlien": 0,
         "antiAlien": 1,
         "protectHumanLife": 1,
         "protectAlienLife": 0,
         "dirtyTricks": 0.75,
         "riskAversion": 0.7,
         "protectCouncilors": 1,
         "wantEarthWarCapability": 2,
         "wantSpaceWarCapability": 1.5,
         "wantSpaceFacilities": 1.5,
         "wantPopularity": 1,
         "gatherMoney": 1,
         "gatherInfluence": 1,
         "gatherOps": 1.1,
         "gatherScience": 1,
         "energyTechs": 1.1,
         "materialsTechs": 1,
         "informationTechs": 0.9,
         "lifeTechs": 0.9,
         "militaryTechs": 1.1,
         "socialTechs": 1,
         "spaceTechs": 1.1,
         "preserveLife": 1,
         "fleetSmalls": 4,
         "fleetMediums": 2
      }
   ],
   "baseAnnualIncomes": [
      {
         "resource": "Research",
         "value": 365.25
      },
      {
         "resource": "MissionControl",
         "value": 1
      },
      {
         "resource": "Projects",
         "value": 1
      },
      {
         "resource": "",
         "value": null
      }
   ],
   "startingResources": [
      {
         "resource": "Influence",
         "value": 50
      },
      {
         "resource": "Money",
         "value": 200
      },
      {
         "resource": "Operations",
         "value": 20
      }
   ],
   "firstTechNames": [
      "DeepSystemSkywatch",
      "OrbitalShipbuilding",
      "OutpostHabs",
      "MissiontotheMoon",
      "SpaceMiningandRefining",
      "MissiontoMars",
      "DeepSpacePropulsionConcepts",
      "PrinciplesofSpaceWarfare",
      "HighEnergyLasers",
      "Railguns",
      "InfraredCombatLasers",
      "ArcLasers",
      "Coilguns"
   ]
},
 {
   "dataName": "DestroyCouncil",
   "friendlyName": "Humanity First",
   "color": {
      "r": 0.757,
      "g": 0.114,
      "b": 0.157,
      "a": 1
   },
   "colorIntensity": 1.2,
   "playerMood": 2,
   "encMood": 9,
   "ideologyName": "destroy",
   "victoryTemplateName": "vc_destroyVictory",
   "winningOrg": "DestroyWinner",
   "spaceOrg": "DestroySpaceGroup",
   "isAlien": false,
   "activePlayerAllowed": true,
   "difficulty": 0,
   "tutorialAllowed": false,
   "councilorIconBase": "_destroy",
   "leaderDataname": "DestroyLeader01",
   "defaultPresetName": "Destroy",
   "hullIndex_default": 0,
   "hullIndex_chem": 0,
   "hullIndex_electric": 0,
   "hullIndex_fission": 0,
   "hullIndex_fusion": 1,
   "hullIndex_amat": 1,
   "councilIcon64": "faction_logos/FAC_DestroyCouncil_64",
   "councilIcon128": "faction_logos/FAC_DestroyCouncil_128",
   "councilIcon256": "faction_logos/FAC_DestroyCouncil_256",
   "armyIcon": "mapicons/ICO_geoscape_DestroyCouncil_army",
   "fleetIcon": "faction_logos/FAC_DestroyCouncil_fleet",
   "stationIcon": "faction_logos/FAC_DestroyCouncil_station",
   "baseIcon": "faction_logos/FAC_DestroyCouncil_base",
   "habSectorIcon": "faction_logos/FAC_DestroyCouncil_peripheral",
   "genericCouncilorIcon": "mapIcons/ICO_geoscape_councilor_destroy_generic",
   "shipMaterialBundlePath": "shipmaterials_destroyfaction",
   "cursorPath": "cursors/Cursor_DestroyCouncil",
   "cinematicsPath": "cinematics/_destroy",
   "smallShipNameListIdx": "Weapons",
   "mediumShipNameListIdx": "Fighters",
   "largeShipNameListIdx": "Scary",
   "habNameListIdx": "Mountains",
   "guaranteedMissions": [
      [
         "InvestigateAlienActivity",
         "GainInfluence"
      ],
      [
         "GainInfluence",
         "Unrest"
      ]
   ],
   "AIValues": [
      {
         "proAlien": 0,
         "antiAlien": 1,
         "protectHumanLife": 0.5,
         "protectAlienLife": 0,
         "dirtyTricks": 1,
         "riskAversion": 0.7,
         "protectCouncilors": 0.8,
         "wantEarthWarCapability": 1,
         "wantSpaceWarCapability": 1.5,
         "wantSpaceFacilities": 1.5,
         "wantPopularity": 0.75,
         "gatherMoney": 0.75,
         "gatherInfluence": 0.9,
         "gatherOps": 1.1,
         "gatherScience": 1,
         "energyTechs": 1,
         "materialsTechs": 1,
         "informationTechs": 0.8,
         "lifeTechs": 0.8,
         "militaryTechs": 1.1,
         "socialTechs": 0.9,
         "spaceTechs": 1,
         "preserveLife": 1,
         "fleetSmalls": 3,
         "fleetMediums": 2
      },
      {
         "proAlien": 0,
         "antiAlien": 1,
         "protectHumanLife": 0.25,
         "protectAlienLife": 0,
         "dirtyTricks": 1,
         "riskAversion": 0.5,
         "protectCouncilors": 0.8,
         "wantEarthWarCapability": 1,
         "wantSpaceWarCapability": 1.5,
         "wantSpaceFacilities": 1.5,
         "wantPopularity": 0.75,
         "gatherMoney": 0.75,
         "gatherInfluence": 0.9,
         "gatherOps": 1.1,
         "gatherScience": 1,
         "energyTechs": 1,
         "materialsTechs": 1,
         "informationTechs": 0.8,
         "lifeTechs": 0.8,
         "militaryTechs": 1.25,
         "socialTechs": 0.9,
         "spaceTechs": 1,
         "preserveLife": 1,
         "fleetSmalls": 3,
         "fleetMediums": 2
      },
      {
         "proAlien": 0,
         "antiAlien": 1,
         "protectHumanLife": 0.25,
         "protectAlienLife": 0,
         "dirtyTricks": 1,
         "riskAversion": 0.5,
         "protectCouncilors": 0.8,
         "wantEarthWarCapability": 2,
         "wantSpaceWarCapability": 1.5,
         "wantSpaceFacilities": 1.5,
         "wantPopularity": 0.75,
         "gatherMoney": 0.75,
         "gatherInfluence": 0.9,
         "gatherOps": 1.1,
         "gatherScience": 1,
         "energyTechs": 1,
         "materialsTechs": 1,
         "informationTechs": 0.8,
         "lifeTechs": 0.8,
         "militaryTechs": 1.25,
         "socialTechs": 0.9,
         "spaceTechs": 1,
         "preserveLife": 1,
         "fleetSmalls": 3,
         "fleetMediums": 2
      }
   ],
   "baseAnnualIncomes": [
      {
         "resource": "Research",
         "value": 365.25
      },
      {
         "resource": "MissionControl",
         "value": 1
      },
      {
         "resource": "Projects",
         "value": 1
      },
      {
         "resource": "",
         "value": null
      }
   ],
   "startingResources": [
      {
         "resource": "Influence",
         "value": 50
      },
      {
         "resource": "Money",
         "value": 200
      },
      {
         "resource": "Operations",
         "value": 20
      }
   ],
   "firstTechNames": [
      "TerrestrialMilitaryScience",
      "ArrivalSecurity",
      "NetworkedGlobalDefense",
      "HighEnergyLasers",
      "PrinciplesofSpaceWarfare",
      "MilitarizationofSpace",
      "NextGenerationAerospace",
      "TransInterfaceWarfare",
      "HighEnergyLasers",
      "Railguns",
      "InfraredCombatLasers",
      "VisibleCombatLasers",
      "Coilguns"
   ]
},
 {
   "dataName": "ExploitCouncil",
   "friendlyName": "The Initiative",
   "color": {
      "r": 0.929,
      "g": 0.518,
      "b": 0.251,
      "a": 1
   },
   "colorIntensity": 1.2,
   "playerMood": 3,
   "encMood": 10,
   "ideologyName": "exploit",
   "victoryTemplateName": "vc_exploitVictory",
   "winningOrg": "ExploitWinner",
   "spaceOrg": "ExploitSpaceGroup",
   "isAlien": false,
   "activePlayerAllowed": true,
   "difficulty": 0,
   "tutorialAllowed": false,
   "councilorIconBase": "_exploit",
   "leaderDataname": "ExploitLeader01",
   "defaultPresetName": "Exploit",
   "hullIndex_default": 0,
   "hullIndex_chem": 0,
   "hullIndex_electric": 0,
   "hullIndex_fission": 0,
   "hullIndex_fusion": 1,
   "hullIndex_amat": 1,
   "councilIcon64": "faction_logos/FAC_ExploitCouncil_64",
   "councilIcon128": "faction_logos/FAC_ExploitCouncil_128",
   "councilIcon256": "faction_logos/FAC_ExploitCouncil_256",
   "armyIcon": "mapicons/ICO_geoscape_ExploitCouncil_army",
   "fleetIcon": "faction_logos/FAC_ExploitCouncil_fleet",
   "stationIcon": "faction_logos/FAC_ExploitCouncil_station",
   "baseIcon": "faction_logos/FAC_ExploitCouncil_base",
   "habSectorIcon": "faction_logos/FAC_ExploitCouncil_peripheral",
   "genericCouncilorIcon": "mapIcons/ICO_geoscape_councilor_exploit_generic",
   "shipMaterialBundlePath": "shipmaterials_exploitfaction",
   "cursorPath": "cursors/Cursor_ExploitCouncil",
   "cinematicsPath": "cinematics/_exploit",
   "smallShipNameListIdx": "WaterAnimals",
   "mediumShipNameListIdx": "Rivers",
   "largeShipNameListIdx": "WaterBodies",
   "habNameListIdx": "Explorers",
   "guaranteedMissions": [
      [
         "InvestigateAlienActivity",
         "GainInfluence"
      ],
      [
         "GainInfluence",
         "HostileTakeover"
      ]
   ],
   "AIValues": [
      {
         "proAlien": 0.1,
         "antiAlien": 0.1,
         "protectHumanLife": 0.5,
         "protectAlienLife": 0.5,
         "dirtyTricks": 1,
         "riskAversion": 0.75,
         "protectCouncilors": 1.5,
         "wantEarthWarCapability": 1,
         "wantSpaceWarCapability": 1,
         "wantSpaceFacilities": 1,
         "wantPopularity": 1.25,
         "gatherMoney": 1.25,
         "gatherInfluence": 1.25,
         "gatherOps": 0.9,
         "gatherScience": 0.9,
         "energyTechs": 0.9,
         "materialsTechs": 0.9,
         "informationTechs": 1,
         "lifeTechs": 0.9,
         "militaryTechs": 1,
         "socialTechs": 1.1,
         "spaceTechs": 0.8,
         "preserveLife": 1,
         "fleetSmalls": 4,
         "fleetMediums": 3
      },
      {
         "proAlien": 0.25,
         "antiAlien": 0.25,
         "protectHumanLife": 0.5,
         "protectAlienLife": 0.5,
         "dirtyTricks": 1,
         "riskAversion": 0.5,
         "protectCouncilors": 1.5,
         "wantEarthWarCapability": 1,
         "wantSpaceWarCapability": 1.25,
         "wantSpaceFacilities": 1,
         "wantPopularity": 1.25,
         "gatherMoney": 1.25,
         "gatherInfluence": 1.25,
         "gatherOps": 0.9,
         "gatherScience": 0.9,
         "energyTechs": 1,
         "materialsTechs": 0.9,
         "informationTechs": 1,
         "lifeTechs": 0.9,
         "militaryTechs": 1,
         "socialTechs": 1.1,
         "spaceTechs": 1,
         "preserveLife": 1,
         "fleetSmalls": 4,
         "fleetMediums": 3
      },
      {
         "proAlien": 0.25,
         "antiAlien": 0.25,
         "protectHumanLife": 0.45,
         "protectAlienLife": 0.5,
         "dirtyTricks": 1,
         "riskAversion": 0.5,
         "protectCouncilors": 1.5,
         "wantEarthWarCapability": 2,
         "wantSpaceWarCapability": 1.5,
         "wantSpaceFacilities": 1,
         "wantPopularity": 1.25,
         "gatherMoney": 1.25,
         "gatherInfluence": 1.25,
         "gatherOps": 0.9,
         "gatherScience": 0.9,
         "energyTechs": 1,
         "materialsTechs": 0.9,
         "informationTechs": 1,
         "lifeTechs": 0.9,
         "militaryTechs": 1,
         "socialTechs": 1.1,
         "spaceTechs": 1,
         "preserveLife": 1,
         "fleetSmalls": 4,
         "fleetMediums": 3
      }
   ],
   "baseAnnualIncomes": [
      {
         "resource": "Research",
         "value": 365.25
      },
      {
         "resource": "MissionControl",
         "value": 1
      },
      {
         "resource": "Projects",
         "value": 1
      },
      {
         "resource": "",
         "value": null
      }
   ],
   "startingResources": [
      {
         "resource": "Influence",
         "value": 50
      },
      {
         "resource": "Money",
         "value": 200
      },
      {
         "resource": "Operations",
         "value": 20
      }
   ],
   "firstTechNames": [
      "ArrivalEconomics",
      "AdvancedCarbonManipulation",
      "AdvancedAtomicManipulation",
      "IndustrializationofSpace",
      "SpaceCommerce",
      "MissiontotheAsteroids",
      "AdvancedSuperconductors",
      "SpaceMiningandRefining",
      "",
      "",
      "",
      "",
      ""
   ]
},
 {
   "dataName": "SubmitCouncil",
   "friendlyName": "The Servants",
   "color": {
      "r": 0.478,
      "g": 0.373,
      "b": 0.643,
      "a": 1
   },
   "colorIntensity": 1.2,
   "playerMood": 4,
   "encMood": 11,
   "ideologyName": "submit",
   "victoryTemplateName": "vc_submitVictory",
   "winningOrg": "SubmitWinner",
   "spaceOrg": "SubmitSpaceGroup",
   "isAlien": false,
   "activePlayerAllowed": true,
   "difficulty": -1,
   "tutorialAllowed": false,
   "councilorIconBase": "_submit",
   "leaderDataname": "SubmitLeader01",
   "defaultPresetName": "Submit",
   "hullIndex_default": 0,
   "hullIndex_chem": 0,
   "hullIndex_electric": 0,
   "hullIndex_fission": 0,
   "hullIndex_fusion": 1,
   "hullIndex_amat": 1,
   "councilIcon64": "faction_logos/FAC_SubmitCouncil_64",
   "councilIcon128": "faction_logos/FAC_SubmitCouncil_128",
   "councilIcon256": "faction_logos/FAC_SubmitCouncil_256",
   "armyIcon": "mapicons/ICO_geoscape_SubmitCouncil_army",
   "fleetIcon": "faction_logos/FAC_SubmitCouncil_fleet",
   "stationIcon": "faction_logos/FAC_SubmitCouncil_station",
   "baseIcon": "faction_logos/FAC_SubmitCouncil_base",
   "habSectorIcon": "faction_logos/FAC_SubmitCouncil_peripheral",
   "genericCouncilorIcon": "mapIcons/ICO_geoscape_councilor_submit_generic",
   "shipMaterialBundlePath": "shipmaterials_submitfaction",
   "cursorPath": "cursors/Cursor_AlienCouncil",
   "cinematicsPath": "cinematics/_submit",
   "smallShipNameListIdx": "MythicalBeasts",
   "mediumShipNameListIdx": "Phenomena",
   "largeShipNameListIdx": "Mythology",
   "habNameListIdx": "Monuments",
   "guaranteedMissions": [
      [
         "InvestigateAlienActivity",
         "GainInfluence"
      ],
      [
         "GainInfluence",
         "Propaganda"
      ]
   ],
   "AIValues": [
      {
         "proAlien": 1,
         "antiAlien": 0,
         "protectHumanLife": 0.5,
         "protectAlienLife": 1,
         "dirtyTricks": 1,
         "riskAversion": 0.7,
         "protectCouncilors": 1,
         "wantEarthWarCapability": 1,
         "wantSpaceWarCapability": 1.5,
         "wantSpaceFacilities": 1.5,
         "wantPopularity": 1.25,
         "gatherMoney": 1,
         "gatherInfluence": 1.1,
         "gatherOps": 0.9,
         "gatherScience": 0.9,
         "energyTechs": 0.9,
         "materialsTechs": 0.9,
         "informationTechs": 0.9,
         "lifeTechs": 0.9,
         "militaryTechs": 1,
         "socialTechs": 1.1,
         "spaceTechs": 0.8,
         "preserveLife": 1,
         "fleetSmalls": 4,
         "fleetMediums": 2
      },
      {
         "proAlien": 1,
         "antiAlien": 0,
         "protectHumanLife": 0.4,
         "protectAlienLife": 1,
         "dirtyTricks": 1,
         "riskAversion": 0.5,
         "protectCouncilors": 1,
         "wantEarthWarCapability": 1,
         "wantSpaceWarCapability": 1.5,
         "wantSpaceFacilities": 1.5,
         "wantPopularity": 1.25,
         "gatherMoney": 1,
         "gatherInfluence": 1.1,
         "gatherOps": 0.9,
         "gatherScience": 0.9,
         "energyTechs": 0.9,
         "materialsTechs": 0.9,
         "informationTechs": 0.9,
         "lifeTechs": 0.9,
         "militaryTechs": 1,
         "socialTechs": 1.1,
         "spaceTechs": 0.9,
         "preserveLife": 1,
         "fleetSmalls": 4,
         "fleetMediums": 2
      },
      {
         "proAlien": 1,
         "antiAlien": 0,
         "protectHumanLife": 0.4,
         "protectAlienLife": 1,
         "dirtyTricks": 1,
         "riskAversion": 0.5,
         "protectCouncilors": 1,
         "wantEarthWarCapability": 2,
         "wantSpaceWarCapability": 1.5,
         "wantSpaceFacilities": 1.5,
         "wantPopularity": 1.25,
         "gatherMoney": 1,
         "gatherInfluence": 1.1,
         "gatherOps": 0.9,
         "gatherScience": 0.9,
         "energyTechs": 0.9,
         "materialsTechs": 0.9,
         "informationTechs": 0.9,
         "lifeTechs": 0.9,
         "militaryTechs": 1,
         "socialTechs": 1.25,
         "spaceTechs": 0.9,
         "preserveLife": 1,
         "fleetSmalls": 4,
         "fleetMediums": 2
      }
   ],
   "baseAnnualIncomes": [
      {
         "resource": "Research",
         "value": 365.25
      },
      {
         "resource": "MissionControl",
         "value": 1
      },
      {
         "resource": "Projects",
         "value": 1
      },
      {
         "resource": "",
         "value": null
      }
   ],
   "startingResources": [
      {
         "resource": "Influence",
         "value": 50
      },
      {
         "resource": "Money",
         "value": 200
      },
      {
         "resource": "Operations",
         "value": 20
      }
   ],
   "firstTechNames": [
      "ArrivalDomesticPolitics",
      "ArrivalPsychology",
      "ArrivalMassCommunications",
      "NetworkedPropaganda",
      "ArrivalCulture",
      "IndependenceMovements",
      "FallofEmpires",
      "DeepSystemSkywatch",
      "",
      "",
      "",
      "",
      ""
   ]
},
 {
   "dataName": "AppeaseCouncil",
   "friendlyName": "The Protectorate",
   "color": {
      "r": 0.572,
      "g": 0.796,
      "b": 0.851,
      "a": 1
   },
   "colorIntensity": 1.2,
   "playerMood": 5,
   "encMood": 12,
   "ideologyName": "appease",
   "victoryTemplateName": "vc_appeaseVictory",
   "winningOrg": "AppeaseWinner",
   "spaceOrg": "AppeaseSpaceGroup",
   "isAlien": false,
   "activePlayerAllowed": true,
   "difficulty": 0,
   "tutorialAllowed": false,
   "councilorIconBase": "_appease",
   "leaderDataname": "AppeaseLeader01",
   "defaultPresetName": "Appease",
   "hullIndex_default": 0,
   "hullIndex_chem": 0,
   "hullIndex_electric": 0,
   "hullIndex_fission": 0,
   "hullIndex_fusion": 1,
   "hullIndex_amat": 1,
   "councilIcon64": "faction_logos/FAC_AppeaseCouncil_64",
   "councilIcon128": "faction_logos/FAC_AppeaseCouncil_128",
   "councilIcon256": "faction_logos/FAC_AppeaseCouncil_256",
   "armyIcon": "mapicons/ICO_geoscape_AppeaseCouncil_army",
   "fleetIcon": "faction_logos/FAC_AppeaseCouncil_fleet",
   "stationIcon": "faction_logos/FAC_AppeaseCouncil_station",
   "baseIcon": "faction_logos/FAC_AppeaseCouncil_base",
   "habSectorIcon": "faction_logos/FAC_AppeaseCouncil_peripheral",
   "genericCouncilorIcon": "mapIcons/ICO_geoscape_councilor_appease_generic",
   "shipMaterialBundlePath": "shipmaterials_appeasefaction",
   "cursorPath": "cursors/Cursor_AppeaseCouncil",
   "cinematicsPath": "cinematics/_appease",
   "smallShipNameListIdx": "Cities",
   "mediumShipNameListIdx": "Regions",
   "largeShipNameListIdx": "Landmasses",
   "habNameListIdx": "Leaders",
   "guaranteedMissions": [
      [
         "InvestigateAlienActivity",
         "GainInfluence"
      ],
      [
         "GainInfluence",
         "DefendInterests"
      ]
   ],
   "AIValues": [
      {
         "proAlien": 0.75,
         "antiAlien": 0,
         "protectHumanLife": 1,
         "protectAlienLife": 0.9,
         "dirtyTricks": 0.7,
         "riskAversion": 0.85,
         "protectCouncilors": 1,
         "wantEarthWarCapability": 1,
         "wantSpaceWarCapability": 1,
         "wantSpaceFacilities": 1,
         "wantPopularity": 1,
         "gatherMoney": 0.9,
         "gatherInfluence": 1,
         "gatherOps": 0.8,
         "gatherScience": 1,
         "energyTechs": 0.9,
         "materialsTechs": 0.9,
         "informationTechs": 1,
         "lifeTechs": 0.9,
         "militaryTechs": 0.9,
         "socialTechs": 1,
         "spaceTechs": 0.8,
         "preserveLife": 1,
         "fleetSmalls": 5,
         "fleetMediums": 3
      },
      {
         "proAlien": 0.75,
         "antiAlien": 0,
         "protectHumanLife": 0.95,
         "protectAlienLife": 0.9,
         "dirtyTricks": 0.7,
         "riskAversion": 0.75,
         "protectCouncilors": 1,
         "wantEarthWarCapability": 1,
         "wantSpaceWarCapability": 1.25,
         "wantSpaceFacilities": 1,
         "wantPopularity": 1,
         "gatherMoney": 0.9,
         "gatherInfluence": 1,
         "gatherOps": 0.8,
         "gatherScience": 1,
         "energyTechs": 0.9,
         "materialsTechs": 1,
         "informationTechs": 1,
         "lifeTechs": 0.9,
         "militaryTechs": 1,
         "socialTechs": 1,
         "spaceTechs": 1,
         "preserveLife": 1,
         "fleetSmalls": 5,
         "fleetMediums": 3
      },
      {
         "proAlien": 0.75,
         "antiAlien": 0,
         "protectHumanLife": 0.45,
         "protectAlienLife": 0.9,
         "dirtyTricks": 0.7,
         "riskAversion": 0.75,
         "protectCouncilors": 1,
         "wantEarthWarCapability": 2,
         "wantSpaceWarCapability": 1.5,
         "wantSpaceFacilities": 1,
         "wantPopularity": 1,
         "gatherMoney": 0.9,
         "gatherInfluence": 1,
         "gatherOps": 0.8,
         "gatherScience": 1,
         "energyTechs": 0.9,
         "materialsTechs": 1,
         "informationTechs": 1,
         "lifeTechs": 0.9,
         "militaryTechs": 1,
         "socialTechs": 1,
         "spaceTechs": 1.1,
         "preserveLife": 1,
         "fleetSmalls": 5,
         "fleetMediums": 3
      }
   ],
   "baseAnnualIncomes": [
      {
         "resource": "Research",
         "value": 365.25
      },
      {
         "resource": "MissionControl",
         "value": 1
      },
      {
         "resource": "Projects",
         "value": 1
      },
      {
         "resource": "",
         "value": null
      }
   ],
   "startingResources": [
      {
         "resource": "Influence",
         "value": 50
      },
      {
         "resource": "Money",
         "value": 200
      },
      {
         "resource": "Operations",
         "value": 20
      }
   ],
   "firstTechNames": [
      "ArrivalInternationalRelations",
      "ArrivalSociology",
      "ArrivalGovernance",
      "UnityMovements",
      "GreatNations",
      "ArrivalPsychology",
      "DirectedSpaceResearch",
      "ExtendedSpaceSurvival",
      "OrbitalTorusHabs",
      "",
      "",
      "",
      ""
   ]
},
 {
   "dataName": "CooperateCouncil",
   "friendlyName": "The Academy",
   "color": {
      "r": 0.29,
      "g": 0.407,
      "b": 0.223,
      "a": 1
   },
   "colorIntensity": 1.5,
   "playerMood": 6,
   "encMood": 13,
   "ideologyName": "cooperate",
   "victoryTemplateName": "vc_cooperateVictory",
   "winningOrg": "CooperateWinner",
   "spaceOrg": "CooperateSpaceGroup",
   "isAlien": false,
   "activePlayerAllowed": true,
   "difficulty": 1,
   "tutorialAllowed": false,
   "councilorIconBase": "_cooperate",
   "leaderDataname": "CooperateLeader01",
   "defaultPresetName": "Cooperate",
   "hullIndex_default": 0,
   "hullIndex_chem": 0,
   "hullIndex_electric": 0,
   "hullIndex_fission": 0,
   "hullIndex_fusion": 1,
   "hullIndex_amat": 1,
   "councilIcon64": "faction_logos/FAC_CooperateCouncil_64",
   "councilIcon128": "faction_logos/FAC_CooperateCouncil_128",
   "councilIcon256": "faction_logos/FAC_CooperateCouncil_256",
   "armyIcon": "mapicons/ICO_geoscape_CooperateCouncil_army",
   "fleetIcon": "faction_logos/FAC_CooperateCouncil_fleet",
   "stationIcon": "faction_logos/FAC_CooperateCouncil_station",
   "baseIcon": "faction_logos/FAC_CooperateCouncil_base",
   "habSectorIcon": "faction_logos/FAC_CooperateCouncil_peripheral",
   "genericCouncilorIcon": "mapIcons/ICO_geoscape_councilor_cooperate_generic",
   "shipMaterialBundlePath": "shipmaterials_cooperatefaction",
   "cursorPath": "cursors/Cursor_CooperateCouncil",
   "cinematicsPath": "cinematics/_cooperate",
   "smallShipNameListIdx": "LandAnimals",
   "mediumShipNameListIdx": "Scientists",
   "largeShipNameListIdx": "Exploration",
   "habNameListIdx": "Exemplars",
   "guaranteedMissions": [
      [
         "InvestigateAlienActivity",
         "GainInfluence"
      ],
      [
         "GainInfluence",
         "Advise"
      ]
   ],
   "AIValues": [
      {
         "proAlien": 0.5,
         "antiAlien": 0,
         "protectHumanLife": 0.85,
         "protectAlienLife": 0.85,
         "dirtyTricks": 0.1,
         "riskAversion": 1,
         "protectCouncilors": 0.8,
         "wantEarthWarCapability": 0.75,
         "wantSpaceWarCapability": 1,
         "wantSpaceFacilities": 1.25,
         "wantPopularity": 1.25,
         "gatherMoney": 1,
         "gatherInfluence": 0.9,
         "gatherOps": 0.7,
         "gatherScience": 1.1,
         "energyTechs": 1,
         "materialsTechs": 1,
         "informationTechs": 1,
         "lifeTechs": 1,
         "militaryTechs": 0.8,
         "socialTechs": 1,
         "spaceTechs": 1,
         "preserveLife": 1,
         "fleetSmalls": 4,
         "fleetMediums": 4
      },
      {
         "proAlien": 0.5,
         "antiAlien": 0,
         "protectHumanLife": 0.9,
         "protectAlienLife": 0.8,
         "dirtyTricks": 0.1,
         "riskAversion": 1,
         "protectCouncilors": 0.8,
         "wantEarthWarCapability": 0.75,
         "wantSpaceWarCapability": 1.25,
         "wantSpaceFacilities": 1.25,
         "wantPopularity": 1.25,
         "gatherMoney": 1,
         "gatherInfluence": 0.9,
         "gatherOps": 0.7,
         "gatherScience": 1.1,
         "energyTechs": 1,
         "materialsTechs": 1,
         "informationTechs": 1,
         "lifeTechs": 1,
         "militaryTechs": 0.9,
         "socialTechs": 1,
         "spaceTechs": 1,
         "preserveLife": 1,
         "fleetSmalls": 4,
         "fleetMediums": 4
      },
      {
         "proAlien": 0.5,
         "antiAlien": 0,
         "protectHumanLife": 0.85,
         "protectAlienLife": 0.8,
         "dirtyTricks": 0.1,
         "riskAversion": 0.9,
         "protectCouncilors": 0.8,
         "wantEarthWarCapability": 1,
         "wantSpaceWarCapability": 1.5,
         "wantSpaceFacilities": 1.25,
         "wantPopularity": 1.25,
         "gatherMoney": 1,
         "gatherInfluence": 0.9,
         "gatherOps": 0.7,
         "gatherScience": 1.1,
         "energyTechs": 1,
         "materialsTechs": 1,
         "informationTechs": 1,
         "lifeTechs": 1,
         "militaryTechs": 0.9,
         "socialTechs": 1,
         "spaceTechs": 1,
         "preserveLife": 1,
         "fleetSmalls": 4,
         "fleetMediums": 4
      }
   ],
   "baseAnnualIncomes": [
      {
         "resource": "Research",
         "value": 365.25
      },
      {
         "resource": "MissionControl",
         "value": 1
      },
      {
         "resource": "Projects",
         "value": 1
      },
      {
         "resource": "Boost",
         "value": 5.6
      }
   ],
   "startingResources": [
      {
         "resource": "Influence",
         "value": 50
      },
      {
         "resource": "Money",
         "value": 200
      },
      {
         "resource": "Operations",
         "value": 20
      }
   ],
   "firstTechNames": [
      "PhotonicComputing",
      "SpaceResearch",
      "DirectedSpaceResearch",
      "AdvancedMagnetics",
      "OutpostHabs",
      "AdvancedNeuralNetworks",
      "MissiontotheMoon",
      "MissiontoMars",
      "",
      "",
      "",
      "",
      ""
   ]
},
 {
   "dataName": "EscapeCouncil",
   "friendlyName": "Project Exodus",
   "color": {
      "r": 0.95,
      "g": 0.717,
      "b": 0.18,
      "a": 1
   },
   "colorIntensity": 1.2,
   "playerMood": 7,
   "encMood": 14,
   "ideologyName": "escape",
   "victoryTemplateName": "vc_escapeVictory",
   "winningOrg": "EscapeWinner",
   "spaceOrg": "EscapeSpaceGroup",
   "isAlien": false,
   "activePlayerAllowed": true,
   "difficulty": 0,
   "tutorialAllowed": false,
   "councilorIconBase": "_escape",
   "leaderDataname": "EscapeLeader01",
   "defaultPresetName": "Escape",
   "hullIndex_default": 0,
   "hullIndex_chem": 0,
   "hullIndex_electric": 0,
   "hullIndex_fission": 0,
   "hullIndex_fusion": 1,
   "hullIndex_amat": 1,
   "councilIcon64": "faction_logos/FAC_EscapeCouncil_64",
   "councilIcon128": "faction_logos/FAC_EscapeCouncil_128",
   "councilIcon256": "faction_logos/FAC_EscapeCouncil_256",
   "armyIcon": "mapicons/ICO_geoscape_EscapeCouncil_army",
   "fleetIcon": "faction_logos/FAC_EscapeCouncil_fleet",
   "stationIcon": "faction_logos/FAC_EscapeCouncil_station",
   "baseIcon": "faction_logos/FAC_EscapeCouncil_base",
   "habSectorIcon": "faction_logos/FAC_EscapeCouncil_peripheral",
   "genericCouncilorIcon": "mapIcons/ICO_geoscape_councilor_escape_generic",
   "shipMaterialBundlePath": "shipmaterials_escapefaction",
   "cursorPath": "cursors/Cursor_EscapeCouncil",
   "cinematicsPath": "cinematics/_escape",
   "smallShipNameListIdx": "AirAnimals",
   "mediumShipNameListIdx": "Astronomy",
   "largeShipNameListIdx": "FamousShips",
   "habNameListIdx": "Astronauts",
   "guaranteedMissions": [
      [
         "InvestigateAlienActivity",
         "GainInfluence"
      ],
      [
         "GainInfluence",
         "Orbit"
      ]
   ],
   "AIValues": [
      {
         "proAlien": 0,
         "antiAlien": 0.5,
         "protectHumanLife": 0.85,
         "protectAlienLife": 0,
         "dirtyTricks": 0.5,
         "riskAversion": 0.85,
         "protectCouncilors": 0.8,
         "wantEarthWarCapability": 0.5,
         "wantSpaceWarCapability": 1.5,
         "wantSpaceFacilities": 2,
         "wantPopularity": 0.75,
         "gatherMoney": 1.1,
         "gatherInfluence": 0.9,
         "gatherOps": 0.7,
         "gatherScience": 1.1,
         "energyTechs": 1.25,
         "materialsTechs": 1.1,
         "informationTechs": 0.9,
         "lifeTechs": 1.1,
         "militaryTechs": 0.8,
         "socialTechs": 0.8,
         "spaceTechs": 1.25,
         "preserveLife": 1,
         "fleetSmalls": 4,
         "fleetMediums": 2
      },
      {
         "proAlien": 0,
         "antiAlien": 0.5,
         "protectHumanLife": 0.9,
         "protectAlienLife": 0,
         "dirtyTricks": 0.5,
         "riskAversion": 0.75,
         "protectCouncilors": 0.8,
         "wantEarthWarCapability": 0.5,
         "wantSpaceWarCapability": 1.5,
         "wantSpaceFacilities": 2,
         "wantPopularity": 0.75,
         "gatherMoney": 1.1,
         "gatherInfluence": 0.9,
         "gatherOps": 0.7,
         "gatherScience": 1.1,
         "energyTechs": 1.25,
         "materialsTechs": 1.1,
         "informationTechs": 0.9,
         "lifeTechs": 1.1,
         "militaryTechs": 0.8,
         "socialTechs": 0.8,
         "spaceTechs": 1.25,
         "preserveLife": 1,
         "fleetSmalls": 4,
         "fleetMediums": 2
      },
      {
         "proAlien": 0,
         "antiAlien": 0.5,
         "protectHumanLife": 0.85,
         "protectAlienLife": 0,
         "dirtyTricks": 0.5,
         "riskAversion": 0.75,
         "protectCouncilors": 0.8,
         "wantEarthWarCapability": 1,
         "wantSpaceWarCapability": 1.5,
         "wantSpaceFacilities": 2,
         "wantPopularity": 0.75,
         "gatherMoney": 1.1,
         "gatherInfluence": 0.9,
         "gatherOps": 0.7,
         "gatherScience": 1.1,
         "energyTechs": 1.25,
         "materialsTechs": 1.1,
         "informationTechs": 0.9,
         "lifeTechs": 1.1,
         "militaryTechs": 0.8,
         "socialTechs": 0.8,
         "spaceTechs": 1.25,
         "preserveLife": 1,
         "fleetSmalls": 4,
         "fleetMediums": 2
      }
   ],
   "baseAnnualIncomes": [
      {
         "resource": "Research",
         "value": 365.25
      },
      {
         "resource": "MissionControl",
         "value": 1
      },
      {
         "resource": "Projects",
         "value": 1
      },
      {
         "resource": "Boost",
         "value": 2.1
      }
   ],
   "startingResources": [
      {
         "resource": "Influence",
         "value": 50
      },
      {
         "resource": "Money",
         "value": 200
      },
      {
         "resource": "Operations",
         "value": 20
      }
   ],
   "firstTechNames": [
      "AdvancedMagnetics",
      "DeepSpacePropulsionConcepts",
      "TerawattFusionReactors",
      "MissiontotheInnerPlanets",
      "IndustrializationofSpace",
      "HighEnergyLasers",
      "ExtendedSpaceSurvival",
      "OrbitalTorusHabs",
      "TitanicSpacecraft",
      "InfraredCombatLasers",
      "ArcLasers",
      "PhasedArrayLasers",
      ""
   ]
},
 {
   "dataName": "AlienCouncil",
   "friendlyName": "Hydras",
   "color": {
      "r": 0.5,
      "g": 0,
      "b": 1,
      "a": 1
   },
   "colorIntensity": 1,
   "playerMood": 7,
   "encMood": 16,
   "ideologyName": "alien",
   "victoryTemplateName": "",
   "winningOrg": "",
   "spaceOrg": "",
   "isAlien": true,
   "activePlayerAllowed": false,
   "difficulty": 0,
   "tutorialAllowed": false,
   "councilorIconBase": "_alien",
   "leaderDataname": "HydraImage01",
   "defaultPresetName": "Alien",
   "hullIndex_default": 0,
   "hullIndex_chem": 0,
   "hullIndex_electric": 0,
   "hullIndex_fission": 0,
   "hullIndex_fusion": 0,
   "hullIndex_amat": 0,
   "councilIcon64": "faction_logos/FAC_AlienCouncil_64",
   "councilIcon128": "faction_logos/FAC_AlienCouncil_128",
   "councilIcon256": "faction_logos/FAC_AlienCouncil_256",
   "armyIcon": "mapicons/ICO_geoscape_AlienCouncil_army",
   "fleetIcon": "faction_logos/FAC_AlienCouncil_fleet",
   "stationIcon": "faction_logos/FAC_AlienCouncil_station",
   "baseIcon": "faction_logos/FAC_AlienCouncil_base",
   "habSectorIcon": "faction_logos/FAC_AlienCouncil_peripheral",
   "genericCouncilorIcon": "mapIcons/ICO_geoscape_councilor_alien_generic",
   "shipMaterialBundlePath": "shipmaterials_submitfaction",
   "cursorPath": "cursors/Cursor_AlienCouncil",
   "cinematicsPath": "cinematics/_submit",
   "smallShipNameListIdx": "Alien1",
   "mediumShipNameListIdx": "Alien1",
   "largeShipNameListIdx": "Alien1",
   "habNameListIdx": "Alien1",
   "guaranteedMissions": [
      [
         "",
         ""
      ],
      [
         "",
         ""
      ]
   ],
   "AIValues": [
      {
         "proAlien": 1,
         "antiAlien": 0,
         "protectHumanLife": 0.25,
         "protectAlienLife": 1,
         "dirtyTricks": 1,
         "riskAversion": 1,
         "protectCouncilors": 2,
         "wantEarthWarCapability": 1,
         "wantSpaceWarCapability": 1,
         "wantSpaceFacilities": 1,
         "wantPopularity": 1,
         "gatherMoney": 0.75,
         "gatherInfluence": 1.25,
         "gatherOps": 1,
         "gatherScience": 1,
         "energyTechs": 1,
         "materialsTechs": 1,
         "informationTechs": 1,
         "lifeTechs": 1,
         "militaryTechs": 1,
         "socialTechs": 1,
         "spaceTechs": 1,
         "preserveLife": 1,
         "fleetSmalls": 3,
         "fleetMediums": 3
      },
      {
         "proAlien": 1,
         "antiAlien": 0,
         "protectHumanLife": 0.25,
         "protectAlienLife": 1,
         "dirtyTricks": 1,
         "riskAversion": 1,
         "protectCouncilors": 2,
         "wantEarthWarCapability": 1,
         "wantSpaceWarCapability": 1,
         "wantSpaceFacilities": 1,
         "wantPopularity": 1,
         "gatherMoney": 0.75,
         "gatherInfluence": 1.25,
         "gatherOps": 1,
         "gatherScience": 1,
         "energyTechs": 1,
         "materialsTechs": 1,
         "informationTechs": 1,
         "lifeTechs": 1,
         "militaryTechs": 1,
         "socialTechs": 1,
         "spaceTechs": 1,
         "preserveLife": 1,
         "fleetSmalls": 3,
         "fleetMediums": 3
      },
      {
         "proAlien": 1,
         "antiAlien": 0,
         "protectHumanLife": 0.25,
         "protectAlienLife": 1,
         "dirtyTricks": 1,
         "riskAversion": 1,
         "protectCouncilors": 2,
         "wantEarthWarCapability": 1,
         "wantSpaceWarCapability": 1,
         "wantSpaceFacilities": 1,
         "wantPopularity": 1,
         "gatherMoney": 0.75,
         "gatherInfluence": 1.25,
         "gatherOps": 1,
         "gatherScience": 1,
         "energyTechs": 1,
         "materialsTechs": 1,
         "informationTechs": 1,
         "lifeTechs": 1,
         "militaryTechs": 1,
         "socialTechs": 1,
         "spaceTechs": 1,
         "preserveLife": 1,
         "fleetSmalls": 3,
         "fleetMediums": 3
      }
   ],
   "baseAnnualIncomes": [
      {
         "resource": "MissionControl",
         "value": 50
      },
      {
         "resource": "",
         "value": null
      },
      {
         "resource": "",
         "value": null
      },
      {
         "resource": "",
         "value": null
      }
   ],
   "startingResources": [
      {
         "resource": "",
         "value": null
      },
      {
         "resource": "",
         "value": null
      },
      {
         "resource": "",
         "value": null
      }
   ],
   "firstTechNames": [
      "",
      "",
      "",
      "",
      "",
      "",
      "",
      "",
      "",
      "",
      "",
      "",
      ""
   ]
}
]