[
 {
   "dataName": "30mmAutocannon",
   "friendlyName": "30mm Autocannon",
   "mount": "OneHull",
   "requiredProjectName": "Project_Warships",
   "crew": 1,
   "attackMode": false,
   "defenseMode": true,
   "baseWeaponMass_tons": 3,
   "cooldown_s": 4,
   "salvo_shots": 10,
   "intraSalvoCooldown_s": 0.5,
   "efficiency": 1,
   "flatChipping": 0,
   "magazine": 3000,
   "ammoMass_kg": 5.5,
   "muzzleVelocity_kps": 1.35,
   "bombardmentValue": 0,
   "warheadMass_kg": 3.5,
   "targetingRange_km": 200,
   "pivotRange_deg": 180,
   "weightedBuildMaterials": {
      "volatiles": 0.05,
      "metals": 0.85,
      "nobleMetals": 0.1
   },
   "ammoMaterials": {
      "volatiles": 0.5,
      "metals": 0.5,
      "nobleMetals": "",
      "fissiles": "",
      "antimatter": "",
      "exotics": ""
   },
   "iconResource": "shipbuildericons/ICO_30mmAutocannon",
   "modelResource": "shipweapons/30mm_Autocannon",
   "effectResource": "spaceCombat/MuzzleFlashFlame",
   "shotModelResource": "spaceCombat/BulletAutocannon",
   "fireSoundFXResource": "event:/SFX/Game_SFX/Guns/trig_SFX_AutoCannon",
   "impactVisualFXResource": "spaceCombat/ImpactOrange",
   "impactSoundFXResource": "event:/SFX/Game_SFX/Ship_Fire_Impacts/trig_SFX_BlasterMediumVeryLoudHighMid020MonoRR",
   "damage_MJ": null
},
 {
   "dataName": "6-inchCannon",
   "friendlyName": "6-inch Cannon",
   "mount": "OneHull",
   "requiredProjectName": "Project_Warships",
   "crew": 3,
   "attackMode": true,
   "defenseMode": true,
   "baseWeaponMass_tons": 25,
   "cooldown_s": 12,
   "salvo_shots": 4,
   "intraSalvoCooldown_s": 2,
   "efficiency": 1,
   "flatChipping": 0.15,
   "magazine": 600,
   "ammoMass_kg": 45,
   "muzzleVelocity_kps": 1.4,
   "bombardmentValue": 0,
   "warheadMass_kg": 22.5,
   "targetingRange_km": 250,
   "pivotRange_deg": 180,
   "weightedBuildMaterials": {
      "volatiles": 0.05,
      "metals": 0.85,
      "nobleMetals": 0.1
   },
   "ammoMaterials": {
      "volatiles": 0.5,
      "metals": 0.5,
      "nobleMetals": "",
      "fissiles": "",
      "antimatter": "",
      "exotics": ""
   },
   "iconResource": "shipbuildericons/ICO_6-InchCannon",
   "modelResource": "shipweapons/8-Inch_Cannon",
   "effectResource": "spaceCombat/MuzzleFlashFlame",
   "shotModelResource": "spaceCombat/BulletGun",
   "fireSoundFXResource": "event:/SFX/Game_SFX/Guns/trig_SFX_Cannon",
   "impactVisualFXResource": "spaceCombat/ImpactOrange",
   "impactSoundFXResource": "event:/SFX/Game_SFX/Ship_Fire_Impacts/trig_SFX_BlasterLongLoudMid017MonoRR",
   "damage_MJ": 22.05
},
 {
   "dataName": "8-inchCannon",
   "friendlyName": "8-inch Cannon",
   "mount": "TwoHullHoriz",
   "requiredProjectName": "Project_PatrolVessels",
   "crew": 4,
   "attackMode": true,
   "defenseMode": false,
   "baseWeaponMass_tons": 50,
   "cooldown_s": 15,
   "salvo_shots": 4,
   "intraSalvoCooldown_s": 2.5,
   "efficiency": 1,
   "flatChipping": 0.2,
   "magazine": 400,
   "ammoMass_kg": 100,
   "muzzleVelocity_kps": 1.4,
   "bombardmentValue": 0,
   "warheadMass_kg": 50,
   "targetingRange_km": 250,
   "pivotRange_deg": 180,
   "weightedBuildMaterials": {
      "volatiles": 0.05,
      "metals": 0.85,
      "nobleMetals": 0.1
   },
   "ammoMaterials": {
      "volatiles": 0.5,
      "metals": 0.5,
      "nobleMetals": "",
      "fissiles": "",
      "antimatter": "",
      "exotics": ""
   },
   "iconResource": "shipbuildericons/ICO_8-InchCannon",
   "modelResource": "shipweapons/12-Inch_Cannon",
   "effectResource": "spaceCombat/MuzzleFlashFlame",
   "shotModelResource": "spaceCombat/BulletGun",
   "fireSoundFXResource": "event:/SFX/Game_SFX/Guns/trig_SFX_Cannon",
   "impactVisualFXResource": "spaceCombat/ImpactOrange",
   "impactSoundFXResource": "event:/SFX/Game_SFX/Ship_Fire_Impacts/trig_SFX_BlasterLongLoudMid017MonoRR",
   "damage_MJ": 49
},
 {
   "dataName": "10-inchCannon",
   "friendlyName": "10-inch Cannon",
   "mount": "OneNose",
   "requiredProjectName": "Project_Warships",
   "crew": 4,
   "attackMode": true,
   "defenseMode": false,
   "baseWeaponMass_tons": 125,
   "cooldown_s": 16,
   "salvo_shots": 3,
   "intraSalvoCooldown_s": 3,
   "efficiency": 1,
   "flatChipping": 0.25,
   "magazine": 300,
   "ammoMass_kg": 180,
   "muzzleVelocity_kps": 1.4,
   "bombardmentValue": 0,
   "warheadMass_kg": 90,
   "targetingRange_km": 250,
   "pivotRange_deg": 30,
   "weightedBuildMaterials": {
      "volatiles": 0.05,
      "metals": 0.85,
      "nobleMetals": 0.1
   },
   "ammoMaterials": {
      "volatiles": 0.5,
      "metals": 0.5,
      "nobleMetals": "",
      "fissiles": "",
      "antimatter": "",
      "exotics": ""
   },
   "iconResource": "shipbuildericons/ICO_10-InchCannon",
   "modelResource": "shipweapons/12-Inch_Cannon",
   "effectResource": "spaceCombat/MuzzleFlashFlame",
   "shotModelResource": "spaceCombat/BulletGun",
   "fireSoundFXResource": "event:/SFX/Game_SFX/Guns/trig_SFX_Cannon",
   "impactVisualFXResource": "spaceCombat/ImpactOrange",
   "impactSoundFXResource": "event:/SFX/Game_SFX/Ship_Fire_Impacts/trig_SFX_BlasterLongLoudMid017MonoRR",
   "damage_MJ": 88.2
},
 {
   "dataName": "12-inchCannon",
   "friendlyName": "12-inch Cannon",
   "mount": "TwoNoseVert",
   "requiredProjectName": "Project_PatrolVessels",
   "crew": 5,
   "attackMode": true,
   "defenseMode": false,
   "baseWeaponMass_tons": 225,
   "cooldown_s": 20,
   "salvo_shots": 2,
   "intraSalvoCooldown_s": 5,
   "efficiency": 1,
   "flatChipping": 0.3,
   "magazine": 250,
   "ammoMass_kg": 320,
   "muzzleVelocity_kps": 1.4,
   "bombardmentValue": 0,
   "warheadMass_kg": 160,
   "targetingRange_km": 250,
   "pivotRange_deg": 30,
   "weightedBuildMaterials": {
      "volatiles": 0.05,
      "metals": 0.85,
      "nobleMetals": 0.1
   },
   "ammoMaterials": {
      "volatiles": 0.5,
      "metals": 0.5,
      "nobleMetals": "",
      "fissiles": "",
      "antimatter": "",
      "exotics": ""
   },
   "iconResource": "shipbuildericons/ICO_12-InchCannon",
   "modelResource": "shipweapons/16-Inch_Cannon",
   "effectResource": "spaceCombat/MuzzleFlashFlame",
   "shotModelResource": "spaceCombat/BulletGun",
   "fireSoundFXResource": "event:/SFX/Game_SFX/Guns/trig_SFX_Cannon",
   "impactVisualFXResource": "spaceCombat/ImpactOrange",
   "impactSoundFXResource": "event:/SFX/Game_SFX/Ship_Fire_Impacts/trig_SFX_BlasterLongLoudMid003MonoRR",
   "damage_MJ": 156.8
}
]