[
    {
        "dataName": "CouncilMapGroup",
        "mapGroupLabel": "Council",
        "mapGroupControlType": "PavonisInteractive.TerraInvicta.CouncilorMarkerController",
        "groupScale": 0.0025,
		"highPriorityScaleAppearanceThreshold": 0.25
		"lowPriorityScaleAppearanceThreshold": 0.25
	},
    {
        "dataName": "ArmyMapGroup",
        "mapGroupLabel": "Army",
        "mapGroupControlType": "PavonisInteractive.TerraInvicta.ArmyMarkerController",
        "groupScale": 0.002,
		"highPriorityScaleAppearanceThreshold": 0.25
		"lowPriorityScaleAppearanceThreshold": 0.25
	},
    {
        "dataName": "FacilityMapGroup",
        "mapGroupLabel": "Facility",
        "mapGroupControlType": "PavonisInteractive.TerraInvicta.FacilityMarkerController",
        "groupScale": 0.0012
		"highPriorityScaleAppearanceThreshold": 0.65
		"lowPriorityScaleAppearanceThreshold": 0.80
	},
    {
        "dataName": "AlienMapGroup",
        "mapGroupLabel": "Alien",
        "mapGroupControlType": "PavonisInteractive.TerraInvicta.AlienMarkerController",
        "groupScale": 0.0025
		"highPriorityScaleAppearanceThreshold": 0.25
		"lowPriorityScaleAppearanceThreshold": 0.25
	},
	{
        "dataName": "GovMapGroup",
        "mapGroupLabel": "Gov",
        "mapGroupControlType": "PavonisInteractive.TerraInvicta.GovMarkerController",
        "groupScale": 0.0015
		"highPriorityScaleAppearanceThreshold": 0.25
		"lowPriorityScaleAppearanceThreshold": 0.95
	},
	{
		"dataName": "SeaMapGroup",
		"mapGroupLabel": "Sea",
        "mapGroupControlType": "PavonisInteractive.TerraInvicta.SeaMarkerController",
        "groupScale": 0.002
		"highPriorityScaleAppearanceThreshold": 0.25
		"lowPriorityScaleAppearanceThreshold": 0.25
	}
]