[
 {
   "dataName": "LightRailgunBatteryMk1",
   "friendlyName": "Light Railgun Battery Mk1",
   "mount": "OneHull",
   "crew": 3,
   "sort": 1,
   "requiredProjectName": "Project_LightRailgunBatteryMk1",
   "attackMode": true,
   "defenseMode": true,
   "baseWeaponMass_tons": 50,
   "cooldown_s": 30,
   "salvo_shots": null,
   "intraSalvoCooldown_s": null,
   "efficiency": 0.25,
   "flatChipping": 0.25,
   "magazine": 1000,
   "ammoMass_kg": 12,
   "muzzleVelocity_kps": 2.5,
   "warheadMass_kg": 9,
   "bombardmentValue": 1,
   "targetingRange_km": 500,
   "pivotRange_deg": 180,
   "weightedBuildMaterials": {
      "volatiles": 0.3,
      "metals": 0.5,
      "nobleMetals": 0.2,
      "exotics": null
   },
   "ammoMaterials": {
      "volatiles": 0.1,
      "metals": 0.5,
      "nobleMetals": 0.4,
      "exotics": ""
   },
   "iconResource": "shipbuildericons/ICO_LightRailgunBatteryMk1",
   "modelResource": "shipweapons/small_railgun_battery",
   "shotModelResource": "spaceCombat/BulletRail",
   "impactVisualFXResource": "spaceCombat/ImpactOrange",
   "fireSoundFXResource": "event:/SFX/Game_SFX/Guns/trig_SFX_RailGun_Turret",
   "impactSoundFXResource": "event:/SFX/Game_SFX/Ship_Fire_Impacts/trig_SFX_BlasterLongLoudMid010MonoRR"
},
 {
   "dataName": "RailgunBatteryMk1",
   "friendlyName": "Railgun Battery Mk1",
   "mount": "TwoHullHoriz",
   "crew": 4,
   "sort": 2,
   "requiredProjectName": "Project_RailgunBatteryMk1",
   "attackMode": true,
   "defenseMode": false,
   "baseWeaponMass_tons": 100,
   "cooldown_s": 36,
   "salvo_shots": null,
   "intraSalvoCooldown_s": null,
   "efficiency": 0.25,
   "flatChipping": 0.25,
   "magazine": 1200,
   "ammoMass_kg": 24,
   "muzzleVelocity_kps": 3,
   "warheadMass_kg": 18,
   "bombardmentValue": 2,
   "targetingRange_km": 650,
   "pivotRange_deg": 180,
   "weightedBuildMaterials": {
      "volatiles": 0.3,
      "metals": 0.5,
      "nobleMetals": 0.2,
      "exotics": null
   },
   "ammoMaterials": {
      "volatiles": 0.1,
      "metals": 0.5,
      "nobleMetals": 0.4,
      "exotics": ""
   },
   "iconResource": "shipbuildericons/ICO_RailgunBatteryMk1",
   "modelResource": "shipweapons/medium_railgun_battery",
   "shotModelResource": "spaceCombat/BulletRail",
   "impactVisualFXResource": "spaceCombat/ImpactOrange",
   "fireSoundFXResource": "event:/SFX/Game_SFX/Guns/trig_SFX_RailGun_Turret",
   "impactSoundFXResource": "event:/SFX/Game_SFX/Ship_Fire_Impacts/trig_SFX_BlasterLongLoudMid010MonoRR"
},
 {
   "dataName": "HeavyRailgunBatteryMk1",
   "friendlyName": "Heavy Railgun Battery Mk1",
   "mount": "FourHull",
   "crew": 5,
   "sort": 3,
   "requiredProjectName": "Project_HeavyRailgunBatteryMk1",
   "attackMode": true,
   "defenseMode": false,
   "baseWeaponMass_tons": 200,
   "cooldown_s": 43.2,
   "salvo_shots": null,
   "intraSalvoCooldown_s": null,
   "efficiency": 0.25,
   "flatChipping": 0.25,
   "magazine": 1440,
   "ammoMass_kg": 48,
   "muzzleVelocity_kps": 3.6,
   "warheadMass_kg": 36,
   "bombardmentValue": 3,
   "targetingRange_km": 800,
   "pivotRange_deg": 180,
   "weightedBuildMaterials": {
      "volatiles": 0.3,
      "metals": 0.5,
      "nobleMetals": 0.2,
      "exotics": null
   },
   "ammoMaterials": {
      "volatiles": 0.1,
      "metals": 0.5,
      "nobleMetals": 0.4,
      "exotics": ""
   },
   "iconResource": "shipbuildericons/ICO_HeavyRailgunBatteryMk1",
   "modelResource": "shipweapons/large_railgun_battery",
   "shotModelResource": "spaceCombat/BulletRail",
   "impactVisualFXResource": "spaceCombat/ImpactOrange",
   "fireSoundFXResource": "event:/SFX/Game_SFX/Guns/trig_SFX_RailGun_Turret",
   "impactSoundFXResource": "event:/SFX/Game_SFX/Ship_Fire_Impacts/trig_SFX_BlasterLongLoudMid010MonoRR"
},
 {
   "dataName": "LightRailgunBatteryMk2",
   "friendlyName": "Light Railgun Battery Mk2",
   "mount": "OneHull",
   "crew": 3,
   "sort": 4,
   "requiredProjectName": "Project_LightRailgunBatteryMk2",
   "attackMode": true,
   "defenseMode": true,
   "baseWeaponMass_tons": 45,
   "cooldown_s": 20,
   "salvo_shots": null,
   "intraSalvoCooldown_s": null,
   "efficiency": 0.3,
   "flatChipping": 0.25,
   "magazine": 1000,
   "ammoMass_kg": 12,
   "muzzleVelocity_kps": 3,
   "warheadMass_kg": 9.6,
   "bombardmentValue": 2,
   "targetingRange_km": 550,
   "pivotRange_deg": 180,
   "weightedBuildMaterials": {
      "volatiles": 0.3,
      "metals": 0.5,
      "nobleMetals": 0.2,
      "exotics": null
   },
   "ammoMaterials": {
      "volatiles": 0.1,
      "metals": 0.5,
      "nobleMetals": 0.4,
      "exotics": ""
   },
   "iconResource": "shipbuildericons/ICO_LightRailgunBatteryMk2",
   "modelResource": "shipweapons/small_railgun_battery",
   "shotModelResource": "spaceCombat/BulletRail",
   "impactVisualFXResource": "spaceCombat/ImpactOrange",
   "fireSoundFXResource": "event:/SFX/Game_SFX/Guns/trig_SFX_RailGun_Turret",
   "impactSoundFXResource": "event:/SFX/Game_SFX/Ship_Fire_Impacts/trig_SFX_BlasterLongLoudMid010MonoRR"
},
 {
   "dataName": "RailgunBatteryMk2",
   "friendlyName": "Railgun Battery Mk2",
   "mount": "TwoHullHoriz",
   "crew": 4,
   "sort": 5,
   "requiredProjectName": "Project_RailgunBatteryMk2",
   "attackMode": true,
   "defenseMode": false,
   "baseWeaponMass_tons": 90,
   "cooldown_s": 24,
   "salvo_shots": null,
   "intraSalvoCooldown_s": null,
   "efficiency": 0.3,
   "flatChipping": 0.25,
   "magazine": 1200,
   "ammoMass_kg": 24,
   "muzzleVelocity_kps": 3.6,
   "warheadMass_kg": 19.2,
   "bombardmentValue": 3,
   "targetingRange_km": 700,
   "pivotRange_deg": 180,
   "weightedBuildMaterials": {
      "volatiles": 0.3,
      "metals": 0.5,
      "nobleMetals": 0.2,
      "exotics": null
   },
   "ammoMaterials": {
      "volatiles": 0.1,
      "metals": 0.5,
      "nobleMetals": 0.4,
      "exotics": ""
   },
   "iconResource": "shipbuildericons/ICO_RailgunBatteryMk2",
   "modelResource": "shipweapons/medium_railgun_battery",
   "shotModelResource": "spaceCombat/BulletRail",
   "impactVisualFXResource": "spaceCombat/ImpactOrange",
   "fireSoundFXResource": "event:/SFX/Game_SFX/Guns/trig_SFX_RailGun_Turret",
   "impactSoundFXResource": "event:/SFX/Game_SFX/Ship_Fire_Impacts/trig_SFX_BlasterLongLoudMid010MonoRR"
},
 {
   "dataName": "HeavyRailgunBatteryMk2",
   "friendlyName": "Heavy Railgun Battery Mk2",
   "mount": "FourHull",
   "crew": 5,
   "sort": 6,
   "requiredProjectName": "Project_HeavyRailgunBatteryMk2",
   "attackMode": true,
   "defenseMode": false,
   "baseWeaponMass_tons": 180,
   "cooldown_s": 28.8,
   "salvo_shots": null,
   "intraSalvoCooldown_s": null,
   "efficiency": 0.3,
   "flatChipping": 0.25,
   "magazine": 1440,
   "ammoMass_kg": 48,
   "muzzleVelocity_kps": 4.32,
   "warheadMass_kg": 38.4,
   "bombardmentValue": 4,
   "targetingRange_km": 850,
   "pivotRange_deg": 180,
   "weightedBuildMaterials": {
      "volatiles": 0.3,
      "metals": 0.5,
      "nobleMetals": 0.2,
      "exotics": null
   },
   "ammoMaterials": {
      "volatiles": 0.1,
      "metals": 0.5,
      "nobleMetals": 0.4,
      "exotics": ""
   },
   "iconResource": "shipbuildericons/ICO_HeavyRailgunBatteryMk2",
   "modelResource": "shipweapons/large_railgun_battery",
   "shotModelResource": "spaceCombat/BulletRail",
   "impactVisualFXResource": "spaceCombat/ImpactOrange",
   "fireSoundFXResource": "event:/SFX/Game_SFX/Guns/trig_SFX_RailGun_Turret",
   "impactSoundFXResource": "event:/SFX/Game_SFX/Ship_Fire_Impacts/trig_SFX_BlasterLongLoudMid010MonoRR"
},
 {
   "dataName": "LightRailgunBatteryMk3",
   "friendlyName": "Light Railgun Battery Mk3",
   "mount": "OneHull",
   "crew": 3,
   "sort": 7,
   "requiredProjectName": "Project_LightRailgunBatteryMk3",
   "attackMode": true,
   "defenseMode": true,
   "baseWeaponMass_tons": 40,
   "cooldown_s": 10,
   "salvo_shots": null,
   "intraSalvoCooldown_s": null,
   "efficiency": 0.35,
   "flatChipping": 0.25,
   "magazine": 1000,
   "ammoMass_kg": 12,
   "muzzleVelocity_kps": 3.6,
   "warheadMass_kg": 10.5,
   "bombardmentValue": 3,
   "targetingRange_km": 600,
   "pivotRange_deg": 180,
   "weightedBuildMaterials": {
      "volatiles": 0.3,
      "metals": 0.5,
      "nobleMetals": 0.2,
      "exotics": null
   },
   "ammoMaterials": {
      "volatiles": 0.1,
      "metals": 0.5,
      "nobleMetals": 0.4,
      "exotics": ""
   },
   "iconResource": "shipbuildericons/ICO_LightRailgunBatteryMk3",
   "modelResource": "shipweapons/small_railgun_battery",
   "shotModelResource": "spaceCombat/BulletRail",
   "impactVisualFXResource": "spaceCombat/ImpactOrange",
   "fireSoundFXResource": "event:/SFX/Game_SFX/Guns/trig_SFX_RailGun_Turret",
   "impactSoundFXResource": "event:/SFX/Game_SFX/Ship_Fire_Impacts/trig_SFX_BlasterLongLoudMid010MonoRR"
},
 {
   "dataName": "RailgunBatteryMk3",
   "friendlyName": "Railgun Battery Mk3",
   "mount": "TwoHullHoriz",
   "crew": 4,
   "sort": 8,
   "requiredProjectName": "Project_RailgunBatteryMk3",
   "attackMode": true,
   "defenseMode": false,
   "baseWeaponMass_tons": 80,
   "cooldown_s": 12,
   "salvo_shots": null,
   "intraSalvoCooldown_s": null,
   "efficiency": 0.35,
   "flatChipping": 0.25,
   "magazine": 1200,
   "ammoMass_kg": 24,
   "muzzleVelocity_kps": 4.32,
   "warheadMass_kg": 21,
   "bombardmentValue": 4,
   "targetingRange_km": 750,
   "pivotRange_deg": 180,
   "weightedBuildMaterials": {
      "volatiles": 0.3,
      "metals": 0.5,
      "nobleMetals": 0.2,
      "exotics": null
   },
   "ammoMaterials": {
      "volatiles": 0.1,
      "metals": 0.5,
      "nobleMetals": 0.4,
      "exotics": ""
   },
   "iconResource": "shipbuildericons/ICO_RailgunBatteryMk3",
   "modelResource": "shipweapons/medium_railgun_battery",
   "shotModelResource": "spaceCombat/BulletRail",
   "impactVisualFXResource": "spaceCombat/ImpactOrange",
   "fireSoundFXResource": "event:/SFX/Game_SFX/Guns/trig_SFX_RailGun_Turret",
   "impactSoundFXResource": "event:/SFX/Game_SFX/Ship_Fire_Impacts/trig_SFX_BlasterLongLoudMid010MonoRR"
},
 {
   "dataName": "HeavyRailgunBatteryMk3",
   "friendlyName": "Heavy Railgun Battery Mk3",
   "mount": "FourHull",
   "crew": 5,
   "sort": 9,
   "requiredProjectName": "Project_HeavyRailgunBatteryMk3",
   "attackMode": true,
   "defenseMode": false,
   "baseWeaponMass_tons": 160,
   "cooldown_s": 14.4,
   "salvo_shots": null,
   "intraSalvoCooldown_s": null,
   "efficiency": 0.35,
   "flatChipping": 0.25,
   "magazine": 1440,
   "ammoMass_kg": 48,
   "muzzleVelocity_kps": 5.18,
   "warheadMass_kg": 42,
   "bombardmentValue": 5,
   "targetingRange_km": 900,
   "pivotRange_deg": 180,
   "weightedBuildMaterials": {
      "volatiles": 0.3,
      "metals": 0.5,
      "nobleMetals": 0.2,
      "exotics": null
   },
   "ammoMaterials": {
      "volatiles": 0.1,
      "metals": 0.5,
      "nobleMetals": 0.4,
      "exotics": ""
   },
   "iconResource": "shipbuildericons/ICO_HeavyRailgunBatteryMk3",
   "modelResource": "shipweapons/large_railgun_battery",
   "shotModelResource": "spaceCombat/BulletRail",
   "impactVisualFXResource": "spaceCombat/ImpactOrange",
   "fireSoundFXResource": "event:/SFX/Game_SFX/Guns/trig_SFX_RailGun_Turret",
   "impactSoundFXResource": "event:/SFX/Game_SFX/Ship_Fire_Impacts/trig_SFX_BlasterLongLoudMid010MonoRR"
},
 {
   "dataName": "LightRailCannonMk1",
   "friendlyName": "Light Rail Cannon Mk1",
   "mount": "OneNose",
   "crew": 4,
   "sort": 10,
   "requiredProjectName": "Project_LightRailCannonMk1",
   "attackMode": true,
   "defenseMode": false,
   "baseWeaponMass_tons": 60,
   "cooldown_s": 45,
   "salvo_shots": null,
   "intraSalvoCooldown_s": null,
   "efficiency": 0.25,
   "flatChipping": 0.25,
   "magazine": 200,
   "ammoMass_kg": 30,
   "muzzleVelocity_kps": 3.6,
   "warheadMass_kg": 22.5,
   "bombardmentValue": 2,
   "targetingRange_km": 550,
   "pivotRange_deg": 30,
   "weightedBuildMaterials": {
      "volatiles": 0.3,
      "metals": 0.5,
      "nobleMetals": 0.2,
      "exotics": null
   },
   "ammoMaterials": {
      "volatiles": 0.1,
      "metals": 0.5,
      "nobleMetals": 0.4,
      "exotics": ""
   },
   "iconResource": "shipbuildericons/ICO_LightRailCannonMk1",
   "modelResource": "shipweapons/small_railgun_cannon",
   "shotModelResource": "spaceCombat/BulletRail",
   "impactVisualFXResource": "spaceCombat/ImpactOrange",
   "fireSoundFXResource": "event:/SFX/Game_SFX/Guns/trig_SFX_RailGun_Cannon",
   "impactSoundFXResource": "event:/SFX/Game_SFX/Ship_Fire_Impacts/trig_SFX_BlasterLongLoudMid017MonoRR"
},
 {
   "dataName": "RailCannonMk1",
   "friendlyName": "Rail Cannon Mk1",
   "mount": "TwoNoseVert",
   "crew": 5,
   "sort": 11,
   "requiredProjectName": "Project_RailCannonMk1",
   "attackMode": true,
   "defenseMode": false,
   "baseWeaponMass_tons": 120,
   "cooldown_s": 54,
   "salvo_shots": null,
   "intraSalvoCooldown_s": null,
   "efficiency": 0.25,
   "flatChipping": 0.35,
   "magazine": 240,
   "ammoMass_kg": 60,
   "muzzleVelocity_kps": 4.32,
   "warheadMass_kg": 45,
   "bombardmentValue": 3,
   "targetingRange_km": 700,
   "pivotRange_deg": 30,
   "weightedBuildMaterials": {
      "volatiles": 0.3,
      "metals": 0.5,
      "nobleMetals": 0.2,
      "exotics": null
   },
   "ammoMaterials": {
      "volatiles": 0.1,
      "metals": 0.5,
      "nobleMetals": 0.4,
      "exotics": ""
   },
   "iconResource": "shipbuildericons/ICO_RailCannonMk1",
   "modelResource": "shipweapons/medium_railgun_cannon",
   "shotModelResource": "spaceCombat/BulletRail",
   "impactVisualFXResource": "spaceCombat/ImpactOrange",
   "fireSoundFXResource": "event:/SFX/Game_SFX/Guns/trig_SFX_RailGun_Cannon",
   "impactSoundFXResource": "event:/SFX/Game_SFX/Ship_Fire_Impacts/trig_SFX_BlasterLongLoudMid017MonoRR"
},
 {
   "dataName": "SpinalRailgunMk1",
   "friendlyName": "Spinal Railgun Mk1",
   "mount": "FourNose",
   "crew": 6,
   "sort": 12,
   "requiredProjectName": "Project_SpinalRailgunMk1",
   "attackMode": true,
   "defenseMode": false,
   "baseWeaponMass_tons": 240,
   "cooldown_s": 108,
   "salvo_shots": null,
   "intraSalvoCooldown_s": null,
   "efficiency": 0.25,
   "flatChipping": 0.35,
   "magazine": 300,
   "ammoMass_kg": 120,
   "muzzleVelocity_kps": 5.18,
   "warheadMass_kg": 90,
   "bombardmentValue": 4,
   "targetingRange_km": 900,
   "pivotRange_deg": 30,
   "weightedBuildMaterials": {
      "volatiles": 0.3,
      "metals": 0.5,
      "nobleMetals": 0.2,
      "exotics": null
   },
   "ammoMaterials": {
      "volatiles": 0.1,
      "metals": 0.5,
      "nobleMetals": 0.4,
      "exotics": ""
   },
   "iconResource": "shipbuildericons/ICO_SpinalRailgunMk1",
   "modelResource": "shipweapons/large_railgun_cannon",
   "shotModelResource": "spaceCombat/BulletRail",
   "impactVisualFXResource": "spaceCombat/ImpactOrange",
   "fireSoundFXResource": "event:/SFX/Game_SFX/Guns/trig_SFX_RailGun_Cannon",
   "impactSoundFXResource": "event:/SFX/Game_SFX/Ship_Fire_Impacts/trig_SFX_BlasterLongLoudMid017MonoRR"
},
 {
   "dataName": "LightRailCannonMk2",
   "friendlyName": "Light Rail Cannon Mk2",
   "mount": "OneNose",
   "crew": 4,
   "sort": 13,
   "requiredProjectName": "Project_LightRailCannonMk2",
   "attackMode": true,
   "defenseMode": false,
   "baseWeaponMass_tons": 55,
   "cooldown_s": 30,
   "salvo_shots": null,
   "intraSalvoCooldown_s": null,
   "efficiency": 0.3,
   "flatChipping": 0.35,
   "magazine": 200,
   "ammoMass_kg": 30,
   "muzzleVelocity_kps": 4.32,
   "warheadMass_kg": 24,
   "bombardmentValue": 3,
   "targetingRange_km": 600,
   "pivotRange_deg": 30,
   "weightedBuildMaterials": {
      "volatiles": 0.3,
      "metals": 0.5,
      "nobleMetals": 0.2,
      "exotics": null
   },
   "ammoMaterials": {
      "volatiles": 0.1,
      "metals": 0.5,
      "nobleMetals": 0.4,
      "exotics": ""
   },
   "iconResource": "shipbuildericons/ICO_LightRailCannonMk2",
   "modelResource": "shipweapons/small_railgun_cannon",
   "shotModelResource": "spaceCombat/BulletRail",
   "impactVisualFXResource": "spaceCombat/ImpactOrange",
   "fireSoundFXResource": "event:/SFX/Game_SFX/Guns/trig_SFX_RailGun_Cannon",
   "impactSoundFXResource": "event:/SFX/Game_SFX/Ship_Fire_Impacts/trig_SFX_BlasterLongLoudMid017MonoRR"
},
 {
   "dataName": "RailCannonMk2",
   "friendlyName": "Rail Cannon Mk2",
   "mount": "TwoNoseVert",
   "crew": 5,
   "sort": 14,
   "requiredProjectName": "Project_RailCannonMk2",
   "attackMode": true,
   "defenseMode": false,
   "baseWeaponMass_tons": 110,
   "cooldown_s": 36,
   "salvo_shots": null,
   "intraSalvoCooldown_s": null,
   "efficiency": 0.3,
   "flatChipping": 0.35,
   "magazine": 240,
   "ammoMass_kg": 60,
   "muzzleVelocity_kps": 5.18,
   "warheadMass_kg": 48,
   "bombardmentValue": 4,
   "targetingRange_km": 750,
   "pivotRange_deg": 30,
   "weightedBuildMaterials": {
      "volatiles": 0.3,
      "metals": 0.5,
      "nobleMetals": 0.2,
      "exotics": null
   },
   "ammoMaterials": {
      "volatiles": 0.1,
      "metals": 0.5,
      "nobleMetals": 0.4,
      "exotics": ""
   },
   "iconResource": "shipbuildericons/ICO_RailCannonMk2",
   "modelResource": "shipweapons/medium_railgun_cannon",
   "shotModelResource": "spaceCombat/BulletRail",
   "impactVisualFXResource": "spaceCombat/ImpactOrange",
   "fireSoundFXResource": "event:/SFX/Game_SFX/Guns/trig_SFX_RailGun_Cannon",
   "impactSoundFXResource": "event:/SFX/Game_SFX/Ship_Fire_Impacts/trig_SFX_BlasterLongLoudMid017MonoRR"
},
 {
   "dataName": "SpinalRailgunMk2",
   "friendlyName": "Spinal Railgun Mk2",
   "mount": "FourNose",
   "crew": 6,
   "sort": 15,
   "requiredProjectName": "Project_SpinalRailgunMk2",
   "attackMode": true,
   "defenseMode": false,
   "baseWeaponMass_tons": 220,
   "cooldown_s": 72,
   "salvo_shots": null,
   "intraSalvoCooldown_s": null,
   "efficiency": 0.3,
   "flatChipping": 0.35,
   "magazine": 300,
   "ammoMass_kg": 120,
   "muzzleVelocity_kps": 6.48,
   "warheadMass_kg": 96,
   "bombardmentValue": 5,
   "targetingRange_km": 950,
   "pivotRange_deg": 30,
   "weightedBuildMaterials": {
      "volatiles": 0.3,
      "metals": 0.5,
      "nobleMetals": 0.2,
      "exotics": null
   },
   "ammoMaterials": {
      "volatiles": 0.1,
      "metals": 0.5,
      "nobleMetals": 0.4,
      "exotics": ""
   },
   "iconResource": "shipbuildericons/ICO_SpinalRailgunMk2",
   "modelResource": "shipweapons/large_railgun_cannon",
   "shotModelResource": "spaceCombat/BulletRail",
   "impactVisualFXResource": "spaceCombat/ImpactOrange",
   "fireSoundFXResource": "event:/SFX/Game_SFX/Guns/trig_SFX_RailGun_Cannon",
   "impactSoundFXResource": "event:/SFX/Game_SFX/Ship_Fire_Impacts/trig_SFX_BlasterLongLoudMid017MonoRR"
},
 {
   "dataName": "LightRailCannonMk3",
   "friendlyName": "Light Rail Cannon Mk3",
   "mount": "OneNose",
   "crew": 4,
   "sort": 16,
   "requiredProjectName": "Project_LightRailCannonMk3",
   "attackMode": true,
   "defenseMode": false,
   "baseWeaponMass_tons": 50,
   "cooldown_s": 15,
   "salvo_shots": null,
   "intraSalvoCooldown_s": null,
   "efficiency": 0.35,
   "flatChipping": 0.35,
   "magazine": 200,
   "ammoMass_kg": 30,
   "muzzleVelocity_kps": 5.18,
   "warheadMass_kg": 26.25,
   "bombardmentValue": 4,
   "targetingRange_km": 650,
   "pivotRange_deg": 30,
   "weightedBuildMaterials": {
      "volatiles": 0.3,
      "metals": 0.5,
      "nobleMetals": 0.2,
      "exotics": null
   },
   "ammoMaterials": {
      "volatiles": 0.1,
      "metals": 0.5,
      "nobleMetals": 0.4,
      "exotics": ""
   },
   "iconResource": "shipbuildericons/ICO_LightRailCannonMk3",
   "modelResource": "shipweapons/small_railgun_cannon",
   "shotModelResource": "spaceCombat/BulletRail",
   "impactVisualFXResource": "spaceCombat/ImpactOrange",
   "fireSoundFXResource": "event:/SFX/Game_SFX/Guns/trig_SFX_RailGun_Cannon",
   "impactSoundFXResource": "event:/SFX/Game_SFX/Ship_Fire_Impacts/trig_SFX_BlasterLongLoudMid017MonoRR"
},
 {
   "dataName": "RailCannonMk3",
   "friendlyName": "Rail Cannon Mk3",
   "mount": "TwoNoseVert",
   "crew": 5,
   "sort": 17,
   "requiredProjectName": "Project_RailCannonMk3",
   "attackMode": true,
   "defenseMode": false,
   "baseWeaponMass_tons": 100,
   "cooldown_s": 18,
   "salvo_shots": null,
   "intraSalvoCooldown_s": null,
   "efficiency": 0.35,
   "flatChipping": 0.35,
   "magazine": 240,
   "ammoMass_kg": 60,
   "muzzleVelocity_kps": 6.48,
   "warheadMass_kg": 52.5,
   "bombardmentValue": 5,
   "targetingRange_km": 800,
   "pivotRange_deg": 30,
   "weightedBuildMaterials": {
      "volatiles": 0.3,
      "metals": 0.5,
      "nobleMetals": 0.2,
      "exotics": null
   },
   "ammoMaterials": {
      "volatiles": 0.1,
      "metals": 0.5,
      "nobleMetals": 0.4,
      "exotics": ""
   },
   "iconResource": "shipbuildericons/ICO_RailCannonMk3",
   "modelResource": "shipweapons/medium_railgun_cannon",
   "shotModelResource": "spaceCombat/BulletRail",
   "impactVisualFXResource": "spaceCombat/ImpactOrange",
   "fireSoundFXResource": "event:/SFX/Game_SFX/Guns/trig_SFX_RailGun_Cannon",
   "impactSoundFXResource": "event:/SFX/Game_SFX/Ship_Fire_Impacts/trig_SFX_BlasterLongLoudMid017MonoRR"
},
 {
   "dataName": "SpinalRailgunMk3",
   "friendlyName": "Spinal Railgun Mk3",
   "mount": "FourNose",
   "crew": 6,
   "sort": 18,
   "requiredProjectName": "Project_SpinalRailgunMk3",
   "attackMode": true,
   "defenseMode": false,
   "baseWeaponMass_tons": 200,
   "cooldown_s": 36,
   "salvo_shots": null,
   "intraSalvoCooldown_s": null,
   "efficiency": 0.35,
   "flatChipping": 0.35,
   "magazine": 300,
   "ammoMass_kg": 120,
   "muzzleVelocity_kps": 7.77,
   "warheadMass_kg": 105,
   "bombardmentValue": 6,
   "targetingRange_km": 1000,
   "pivotRange_deg": 30,
   "weightedBuildMaterials": {
      "volatiles": 0.3,
      "metals": 0.5,
      "nobleMetals": 0.2,
      "exotics": null
   },
   "ammoMaterials": {
      "volatiles": 0.1,
      "metals": 0.5,
      "nobleMetals": 0.4,
      "exotics": ""
   },
   "iconResource": "shipbuildericons/ICO_SpinalRailgunMk3",
   "modelResource": "shipweapons/large_railgun_cannon",
   "shotModelResource": "spaceCombat/BulletRail",
   "impactVisualFXResource": "spaceCombat/ImpactOrange",
   "fireSoundFXResource": "event:/SFX/Game_SFX/Guns/trig_SFX_RailGun_Cannon",
   "impactSoundFXResource": "event:/SFX/Game_SFX/Ship_Fire_Impacts/trig_SFX_BlasterLongLoudMid017MonoRR"
},
 {
   "dataName": "LightCoilgunBatteryMk1",
   "friendlyName": "Light Coilgun Battery Mk1",
   "mount": "OneHull",
   "crew": 3,
   "sort": 19,
   "requiredProjectName": "Project_LightCoilgunBatteryMk1",
   "attackMode": true,
   "defenseMode": true,
   "baseWeaponMass_tons": 50,
   "cooldown_s": 40,
   "salvo_shots": 3,
   "intraSalvoCooldown_s": 10,
   "efficiency": 0.5,
   "flatChipping": 0.25,
   "magazine": 1500,
   "ammoMass_kg": 10,
   "muzzleVelocity_kps": 4.5,
   "warheadMass_kg": 7.5,
   "bombardmentValue": 2,
   "targetingRange_km": 500,
   "pivotRange_deg": 180,
   "weightedBuildMaterials": {
      "volatiles": 0.3,
      "metals": 0.35,
      "nobleMetals": 0.35,
      "exotics": null
   },
   "ammoMaterials": {
      "volatiles": 0.1,
      "metals": 0.4,
      "nobleMetals": 0.5,
      "exotics": ""
   },
   "iconResource": "shipbuildericons/ICO_LightCoilgunBatteryMk1",
   "modelResource": "shipweapons/small_coilgun_battery",
   "shotModelResource": "spaceCombat/BulletCoil",
   "impactVisualFXResource": "spaceCombat/ImpactWhite",
   "fireSoundFXResource": "event:/SFX/Game_SFX/Guns/trig_SFX_CoilGun_Turret",
   "impactSoundFXResource": "event:/SFX/Game_SFX/Ship_Fire_Impacts/trig_SFX_BlasterLongLoudMid012MonoRR"
},
 {
   "dataName": "CoilgunBatteryMk1",
   "friendlyName": "Coilgun Battery Mk1",
   "mount": "TwoHullHoriz",
   "crew": 4,
   "sort": 20,
   "requiredProjectName": "Project_CoilgunBatteryMk1",
   "attackMode": true,
   "defenseMode": false,
   "baseWeaponMass_tons": 100,
   "cooldown_s": 48,
   "salvo_shots": 3,
   "intraSalvoCooldown_s": 12,
   "efficiency": 0.5,
   "flatChipping": 0.25,
   "magazine": 1800,
   "ammoMass_kg": 20,
   "muzzleVelocity_kps": 5.4,
   "warheadMass_kg": 15,
   "bombardmentValue": 3,
   "targetingRange_km": 650,
   "pivotRange_deg": 180,
   "weightedBuildMaterials": {
      "volatiles": 0.3,
      "metals": 0.35,
      "nobleMetals": 0.35,
      "exotics": null
   },
   "ammoMaterials": {
      "volatiles": 0.1,
      "metals": 0.4,
      "nobleMetals": 0.5,
      "exotics": ""
   },
   "iconResource": "shipbuildericons/ICO_CoilgunBatteryMk1",
   "modelResource": "shipweapons/medium_coilgun_battery",
   "shotModelResource": "spaceCombat/BulletCoil",
   "impactVisualFXResource": "spaceCombat/ImpactWhite",
   "fireSoundFXResource": "event:/SFX/Game_SFX/Guns/trig_SFX_CoilGun_Turret",
   "impactSoundFXResource": "event:/SFX/Game_SFX/Ship_Fire_Impacts/trig_SFX_BlasterLongLoudMid012MonoRR"
},
 {
   "dataName": "HeavyCoilgunBatteryMk1",
   "friendlyName": "Heavy Coilgun Battery Mk1",
   "mount": "FourHull",
   "crew": 5,
   "sort": 21,
   "requiredProjectName": "Project_HeavyCoilgunBatteryMk1",
   "attackMode": true,
   "defenseMode": false,
   "baseWeaponMass_tons": 200,
   "cooldown_s": 57.6,
   "salvo_shots": 3,
   "intraSalvoCooldown_s": 14.4,
   "efficiency": 0.5,
   "flatChipping": 0.25,
   "magazine": 2160,
   "ammoMass_kg": 40,
   "muzzleVelocity_kps": 6.3,
   "warheadMass_kg": 30,
   "bombardmentValue": 4,
   "targetingRange_km": 800,
   "pivotRange_deg": 180,
   "weightedBuildMaterials": {
      "volatiles": 0.3,
      "metals": 0.35,
      "nobleMetals": 0.35,
      "exotics": null
   },
   "ammoMaterials": {
      "volatiles": 0.1,
      "metals": 0.4,
      "nobleMetals": 0.5,
      "exotics": ""
   },
   "iconResource": "shipbuildericons/ICO_HeavyCoilgunBatteryMk1",
   "modelResource": "shipweapons/large_coilgun_battery",
   "shotModelResource": "spaceCombat/BulletCoil",
   "impactVisualFXResource": "spaceCombat/ImpactWhite",
   "fireSoundFXResource": "event:/SFX/Game_SFX/Guns/trig_SFX_CoilGun_Turret",
   "impactSoundFXResource": "event:/SFX/Game_SFX/Ship_Fire_Impacts/trig_SFX_BlasterLongLoudMid012MonoRR"
},
 {
   "dataName": "LightCoilgunBatteryMk2",
   "friendlyName": "Light Coilgun Battery Mk2",
   "mount": "OneHull",
   "crew": 3,
   "sort": 22,
   "requiredProjectName": "Project_LightCoilgunBatteryMk2",
   "attackMode": true,
   "defenseMode": true,
   "baseWeaponMass_tons": 45,
   "cooldown_s": 30,
   "salvo_shots": 4,
   "intraSalvoCooldown_s": 10,
   "efficiency": 0.6,
   "flatChipping": 0.25,
   "magazine": 1500,
   "ammoMass_kg": 10,
   "muzzleVelocity_kps": 5.4,
   "warheadMass_kg": 8,
   "bombardmentValue": 3,
   "targetingRange_km": 550,
   "pivotRange_deg": 180,
   "weightedBuildMaterials": {
      "volatiles": 0.3,
      "metals": 0.35,
      "nobleMetals": 0.35,
      "exotics": null
   },
   "ammoMaterials": {
      "volatiles": 0.1,
      "metals": 0.4,
      "nobleMetals": 0.5,
      "exotics": ""
   },
   "iconResource": "shipbuildericons/ICO_LightCoilgunBatteryMk2",
   "modelResource": "shipweapons/small_coilgun_battery",
   "shotModelResource": "spaceCombat/BulletCoil",
   "impactVisualFXResource": "spaceCombat/ImpactWhite",
   "fireSoundFXResource": "event:/SFX/Game_SFX/Guns/trig_SFX_CoilGun_Turret",
   "impactSoundFXResource": "event:/SFX/Game_SFX/Ship_Fire_Impacts/trig_SFX_BlasterLongLoudMid012MonoRR"
},
 {
   "dataName": "CoilgunBatteryMk2",
   "friendlyName": "Coilgun Battery Mk2",
   "mount": "TwoHullHoriz",
   "crew": 4,
   "sort": 23,
   "requiredProjectName": "Project_CoilgunBatteryMk2",
   "attackMode": true,
   "defenseMode": false,
   "baseWeaponMass_tons": 90,
   "cooldown_s": 36,
   "salvo_shots": 4,
   "intraSalvoCooldown_s": 12,
   "efficiency": 0.6,
   "flatChipping": 0.25,
   "magazine": 1800,
   "ammoMass_kg": 20,
   "muzzleVelocity_kps": 6.3,
   "warheadMass_kg": 16,
   "bombardmentValue": 4,
   "targetingRange_km": 700,
   "pivotRange_deg": 180,
   "weightedBuildMaterials": {
      "volatiles": 0.3,
      "metals": 0.35,
      "nobleMetals": 0.35,
      "exotics": null
   },
   "ammoMaterials": {
      "volatiles": 0.1,
      "metals": 0.4,
      "nobleMetals": 0.5,
      "exotics": ""
   },
   "iconResource": "shipbuildericons/ICO_CoilgunBatteryMk2",
   "modelResource": "shipweapons/medium_coilgun_battery",
   "shotModelResource": "spaceCombat/BulletCoil",
   "impactVisualFXResource": "spaceCombat/ImpactWhite",
   "fireSoundFXResource": "event:/SFX/Game_SFX/Guns/trig_SFX_CoilGun_Turret",
   "impactSoundFXResource": "event:/SFX/Game_SFX/Ship_Fire_Impacts/trig_SFX_BlasterLongLoudMid012MonoRR"
},
 {
   "dataName": "HeavyCoilgunBatteryMk2",
   "friendlyName": "Heavy Coilgun Battery Mk2",
   "mount": "FourHull",
   "crew": 5,
   "sort": 24,
   "requiredProjectName": "Project_HeavyCoilgunBatteryMk2",
   "attackMode": true,
   "defenseMode": false,
   "baseWeaponMass_tons": 180,
   "cooldown_s": 43.2,
   "salvo_shots": 4,
   "intraSalvoCooldown_s": 14.4,
   "efficiency": 0.6,
   "flatChipping": 0.25,
   "magazine": 2160,
   "ammoMass_kg": 40,
   "muzzleVelocity_kps": 7.2,
   "warheadMass_kg": 32,
   "bombardmentValue": 5,
   "targetingRange_km": 850,
   "pivotRange_deg": 180,
   "weightedBuildMaterials": {
      "volatiles": 0.3,
      "metals": 0.35,
      "nobleMetals": 0.35,
      "exotics": null
   },
   "ammoMaterials": {
      "volatiles": 0.1,
      "metals": 0.4,
      "nobleMetals": 0.5,
      "exotics": ""
   },
   "iconResource": "shipbuildericons/ICO_HeavyCoilgunBatteryMk2",
   "modelResource": "shipweapons/large_coilgun_battery",
   "shotModelResource": "spaceCombat/BulletCoil",
   "impactVisualFXResource": "spaceCombat/ImpactWhite",
   "fireSoundFXResource": "event:/SFX/Game_SFX/Guns/trig_SFX_CoilGun_Turret",
   "impactSoundFXResource": "event:/SFX/Game_SFX/Ship_Fire_Impacts/trig_SFX_BlasterLongLoudMid012MonoRR"
},
 {
   "dataName": "LightCoilgunBatteryMk3",
   "friendlyName": "Light Coilgun Battery Mk3",
   "mount": "OneHull",
   "crew": 3,
   "sort": 25,
   "requiredProjectName": "Project_LightCoilgunBatteryMk3",
   "attackMode": true,
   "defenseMode": true,
   "baseWeaponMass_tons": 40,
   "cooldown_s": 20,
   "salvo_shots": 5,
   "intraSalvoCooldown_s": 10,
   "efficiency": 0.7,
   "flatChipping": 0.25,
   "magazine": 1500,
   "ammoMass_kg": 10,
   "muzzleVelocity_kps": 6.3,
   "warheadMass_kg": 8.75,
   "bombardmentValue": 4,
   "targetingRange_km": 600,
   "pivotRange_deg": 180,
   "weightedBuildMaterials": {
      "volatiles": 0.3,
      "metals": 0.35,
      "nobleMetals": 0.34,
      "exotics": 0.01
   },
   "ammoMaterials": {
      "volatiles": 0.1,
      "metals": 0.4,
      "nobleMetals": 0.5,
      "exotics": ""
   },
   "iconResource": "shipbuildericons/ICO_LightCoilgunBatteryMk3",
   "modelResource": "shipweapons/small_coilgun_battery",
   "shotModelResource": "spaceCombat/BulletCoil",
   "impactVisualFXResource": "spaceCombat/ImpactWhite",
   "fireSoundFXResource": "event:/SFX/Game_SFX/Guns/trig_SFX_CoilGun_Turret",
   "impactSoundFXResource": "event:/SFX/Game_SFX/Ship_Fire_Impacts/trig_SFX_BlasterLongLoudMid012MonoRR"
},
 {
   "dataName": "CoilgunBatteryMk3",
   "friendlyName": "Coilgun Battery Mk3",
   "mount": "TwoHullHoriz",
   "crew": 4,
   "sort": 26,
   "requiredProjectName": "Project_CoilgunBatteryMk3",
   "attackMode": true,
   "defenseMode": false,
   "baseWeaponMass_tons": 80,
   "cooldown_s": 24,
   "salvo_shots": 5,
   "intraSalvoCooldown_s": 12,
   "efficiency": 0.7,
   "flatChipping": 0.25,
   "magazine": 1800,
   "ammoMass_kg": 20,
   "muzzleVelocity_kps": 7.2,
   "warheadMass_kg": 17.5,
   "bombardmentValue": 5,
   "targetingRange_km": 750,
   "pivotRange_deg": 180,
   "weightedBuildMaterials": {
      "volatiles": 0.3,
      "metals": 0.35,
      "nobleMetals": 0.33,
      "exotics": 0.02
   },
   "ammoMaterials": {
      "volatiles": 0.1,
      "metals": 0.4,
      "nobleMetals": 0.5,
      "exotics": ""
   },
   "iconResource": "shipbuildericons/ICO_CoilgunBatteryMk3",
   "modelResource": "shipweapons/medium_coilgun_battery",
   "shotModelResource": "spaceCombat/BulletCoil",
   "impactVisualFXResource": "spaceCombat/ImpactWhite",
   "fireSoundFXResource": "event:/SFX/Game_SFX/Guns/trig_SFX_CoilGun_Turret",
   "impactSoundFXResource": "event:/SFX/Game_SFX/Ship_Fire_Impacts/trig_SFX_BlasterLongLoudMid012MonoRR"
},
 {
   "dataName": "HeavyCoilgunBatteryMk3",
   "friendlyName": "Heavy Coilgun Battery Mk3",
   "mount": "FourHull",
   "crew": 5,
   "sort": 27,
   "requiredProjectName": "Project_HeavyCoilgunBatteryMk3",
   "attackMode": true,
   "defenseMode": false,
   "baseWeaponMass_tons": 160,
   "cooldown_s": 28.8,
   "salvo_shots": 5,
   "intraSalvoCooldown_s": 14.4,
   "efficiency": 0.7,
   "flatChipping": 0.25,
   "magazine": 2160,
   "ammoMass_kg": 40,
   "muzzleVelocity_kps": 8.1,
   "warheadMass_kg": 35,
   "bombardmentValue": 6,
   "targetingRange_km": 900,
   "pivotRange_deg": 180,
   "weightedBuildMaterials": {
      "volatiles": 0.3,
      "metals": 0.35,
      "nobleMetals": 0.32,
      "exotics": 0.03
   },
   "ammoMaterials": {
      "volatiles": 0.1,
      "metals": 0.4,
      "nobleMetals": 0.5,
      "exotics": ""
   },
   "iconResource": "shipbuildericons/ICO_HeavyCoilgunBatteryMk3",
   "modelResource": "shipweapons/large_coilgun_battery",
   "shotModelResource": "spaceCombat/BulletCoil",
   "impactVisualFXResource": "spaceCombat/ImpactWhite",
   "fireSoundFXResource": "event:/SFX/Game_SFX/Guns/trig_SFX_CoilGun_Turret",
   "impactSoundFXResource": "event:/SFX/Game_SFX/Ship_Fire_Impacts/trig_SFX_BlasterLongLoudMid012MonoRR"
},
 {
   "dataName": "LightCoilCannonMk1",
   "friendlyName": "Light Coil Cannon Mk1",
   "mount": "OneNose",
   "crew": 4,
   "sort": 28,
   "requiredProjectName": "Project_LightCoilCannonMk1",
   "attackMode": true,
   "defenseMode": false,
   "baseWeaponMass_tons": 60,
   "cooldown_s": 40,
   "salvo_shots": 3,
   "intraSalvoCooldown_s": 10,
   "efficiency": 0.5,
   "flatChipping": 0.35,
   "magazine": 300,
   "ammoMass_kg": 25,
   "muzzleVelocity_kps": 5.4,
   "warheadMass_kg": 18.75,
   "bombardmentValue": 3,
   "targetingRange_km": 550,
   "pivotRange_deg": 30,
   "weightedBuildMaterials": {
      "volatiles": 0.3,
      "metals": 0.35,
      "nobleMetals": 0.35,
      "exotics": null
   },
   "ammoMaterials": {
      "volatiles": 0.1,
      "metals": 0.4,
      "nobleMetals": 0.5,
      "exotics": ""
   },
   "iconResource": "shipbuildericons/ICO_LightCoilCannonMk1",
   "modelResource": "shipweapons/small_coilgun_cannon",
   "shotModelResource": "spaceCombat/BulletCoil",
   "impactVisualFXResource": "spaceCombat/ImpactWhite",
   "fireSoundFXResource": "event:/SFX/Game_SFX/Guns/trig_SFX_CoilGun_Cannon",
   "impactSoundFXResource": "event:/SFX/Game_SFX/Ship_Fire_Impacts/trig_SFX_BlasterLongLoudMid019MonoRR"
},
 {
   "dataName": "CoilCannonMk1",
   "friendlyName": "Coil Cannon Mk1",
   "mount": "TwoNoseVert",
   "crew": 5,
   "sort": 29,
   "requiredProjectName": "Project_CoilCannonMk1",
   "attackMode": true,
   "defenseMode": false,
   "baseWeaponMass_tons": 120,
   "cooldown_s": 48,
   "salvo_shots": 3,
   "intraSalvoCooldown_s": 12,
   "efficiency": 0.5,
   "flatChipping": 0.35,
   "magazine": 360,
   "ammoMass_kg": 50,
   "muzzleVelocity_kps": 6.3,
   "warheadMass_kg": 37.5,
   "bombardmentValue": 4,
   "targetingRange_km": 700,
   "pivotRange_deg": 30,
   "weightedBuildMaterials": {
      "volatiles": 0.3,
      "metals": 0.35,
      "nobleMetals": 0.35,
      "exotics": null
   },
   "ammoMaterials": {
      "volatiles": 0.1,
      "metals": 0.4,
      "nobleMetals": 0.5,
      "exotics": ""
   },
   "iconResource": "shipbuildericons/ICO_CoilCannonMk1",
   "modelResource": "shipweapons/medium_coilgun_cannon",
   "shotModelResource": "spaceCombat/BulletCoil",
   "impactVisualFXResource": "spaceCombat/ImpactWhite",
   "fireSoundFXResource": "event:/SFX/Game_SFX/Guns/trig_SFX_CoilGun_Cannon",
   "impactSoundFXResource": "event:/SFX/Game_SFX/Ship_Fire_Impacts/trig_SFX_BlasterLongLoudMid019MonoRR"
},
 {
   "dataName": "SpinalCoilerMk1",
   "friendlyName": "Spinal Coiler Mk1",
   "mount": "FourNose",
   "crew": 6,
   "sort": 30,
   "requiredProjectName": "Project_SpinalCoilerMk1",
   "attackMode": true,
   "defenseMode": false,
   "baseWeaponMass_tons": 240,
   "cooldown_s": 96,
   "salvo_shots": 3,
   "intraSalvoCooldown_s": 24,
   "efficiency": 0.5,
   "flatChipping": 0.35,
   "magazine": 450,
   "ammoMass_kg": 100,
   "muzzleVelocity_kps": 7.2,
   "warheadMass_kg": 75,
   "bombardmentValue": 5,
   "targetingRange_km": 900,
   "pivotRange_deg": 30,
   "weightedBuildMaterials": {
      "volatiles": 0.3,
      "metals": 0.35,
      "nobleMetals": 0.35,
      "exotics": null
   },
   "ammoMaterials": {
      "volatiles": 0.1,
      "metals": 0.4,
      "nobleMetals": 0.5,
      "exotics": ""
   },
   "iconResource": "shipbuildericons/ICO_SpinalCoilerMk1",
   "modelResource": "shipweapons/huge_coilgun_cannon",
   "shotModelResource": "spaceCombat/BulletCoil",
   "impactVisualFXResource": "spaceCombat/ImpactWhite",
   "fireSoundFXResource": "event:/SFX/Game_SFX/Guns/trig_SFX_CoilGun_Cannon",
   "impactSoundFXResource": "event:/SFX/Game_SFX/Ship_Fire_Impacts/trig_SFX_BlasterLongLoudMid019MonoRR"
},
 {
   "dataName": "LightCoilCannonMk2",
   "friendlyName": "Light Coil Cannon Mk2",
   "mount": "OneNose",
   "crew": 4,
   "sort": 31,
   "requiredProjectName": "Project_LightCoilCannonMk2",
   "attackMode": true,
   "defenseMode": false,
   "baseWeaponMass_tons": 55,
   "cooldown_s": 30,
   "salvo_shots": 4,
   "intraSalvoCooldown_s": 10,
   "efficiency": 0.6,
   "flatChipping": 0.35,
   "magazine": 300,
   "ammoMass_kg": 25,
   "muzzleVelocity_kps": 6.3,
   "warheadMass_kg": 20,
   "bombardmentValue": 4,
   "targetingRange_km": 600,
   "pivotRange_deg": 30,
   "weightedBuildMaterials": {
      "volatiles": 0.3,
      "metals": 0.35,
      "nobleMetals": 0.35,
      "exotics": null
   },
   "ammoMaterials": {
      "volatiles": 0.1,
      "metals": 0.4,
      "nobleMetals": 0.5,
      "exotics": ""
   },
   "iconResource": "shipbuildericons/ICO_LightCoilCannonMk2",
   "modelResource": "shipweapons/small_coilgun_cannon",
   "shotModelResource": "spaceCombat/BulletCoil",
   "impactVisualFXResource": "spaceCombat/ImpactWhite",
   "fireSoundFXResource": "event:/SFX/Game_SFX/Guns/trig_SFX_CoilGun_Cannon",
   "impactSoundFXResource": "event:/SFX/Game_SFX/Ship_Fire_Impacts/trig_SFX_BlasterLongLoudMid019MonoRR"
},
 {
   "dataName": "CoilCannonMk2",
   "friendlyName": "Coil Cannon Mk2",
   "mount": "TwoNoseVert",
   "crew": 5,
   "sort": 32,
   "requiredProjectName": "Project_CoilCannonMk2",
   "attackMode": true,
   "defenseMode": false,
   "baseWeaponMass_tons": 110,
   "cooldown_s": 36,
   "salvo_shots": 4,
   "intraSalvoCooldown_s": 12,
   "efficiency": 0.6,
   "flatChipping": 0.35,
   "magazine": 360,
   "ammoMass_kg": 50,
   "muzzleVelocity_kps": 7.2,
   "warheadMass_kg": 40,
   "bombardmentValue": 5,
   "targetingRange_km": 750,
   "pivotRange_deg": 30,
   "weightedBuildMaterials": {
      "volatiles": 0.3,
      "metals": 0.35,
      "nobleMetals": 0.35,
      "exotics": null
   },
   "ammoMaterials": {
      "volatiles": 0.1,
      "metals": 0.4,
      "nobleMetals": 0.5,
      "exotics": ""
   },
   "iconResource": "shipbuildericons/ICO_CoilCannonMk2",
   "modelResource": "shipweapons/medium_coilgun_cannon",
   "shotModelResource": "spaceCombat/BulletCoil",
   "impactVisualFXResource": "spaceCombat/ImpactWhite",
   "fireSoundFXResource": "event:/SFX/Game_SFX/Guns/trig_SFX_CoilGun_Cannon",
   "impactSoundFXResource": "event:/SFX/Game_SFX/Ship_Fire_Impacts/trig_SFX_BlasterLongLoudMid019MonoRR"
},
 {
   "dataName": "SpinalCoilerMk2",
   "friendlyName": "Spinal Coiler Mk2",
   "mount": "FourNose",
   "crew": 6,
   "sort": 33,
   "requiredProjectName": "Project_SpinalCoilerMk2",
   "attackMode": true,
   "defenseMode": false,
   "baseWeaponMass_tons": 220,
   "cooldown_s": 72,
   "salvo_shots": 4,
   "intraSalvoCooldown_s": 24,
   "efficiency": 0.6,
   "flatChipping": 0.35,
   "magazine": 450,
   "ammoMass_kg": 100,
   "muzzleVelocity_kps": 8.1,
   "warheadMass_kg": 80,
   "bombardmentValue": 6,
   "targetingRange_km": 950,
   "pivotRange_deg": 30,
   "weightedBuildMaterials": {
      "volatiles": 0.3,
      "metals": 0.35,
      "nobleMetals": 0.35,
      "exotics": null
   },
   "ammoMaterials": {
      "volatiles": 0.1,
      "metals": 0.4,
      "nobleMetals": 0.5,
      "exotics": ""
   },
   "iconResource": "shipbuildericons/ICO_SpinalCoilerMk2",
   "modelResource": "shipweapons/huge_coilgun_cannon",
   "shotModelResource": "spaceCombat/BulletCoil",
   "impactVisualFXResource": "spaceCombat/ImpactWhite",
   "fireSoundFXResource": "event:/SFX/Game_SFX/Guns/trig_SFX_CoilGun_Cannon",
   "impactSoundFXResource": "event:/SFX/Game_SFX/Ship_Fire_Impacts/trig_SFX_BlasterLongLoudMid019MonoRR"
},
 {
   "dataName": "LightCoilCannonMk3",
   "friendlyName": "Light Coil Cannon Mk3",
   "mount": "OneNose",
   "crew": 4,
   "sort": 34,
   "requiredProjectName": "Project_LightCoilCannonMk3",
   "attackMode": true,
   "defenseMode": false,
   "baseWeaponMass_tons": 50,
   "cooldown_s": 20,
   "salvo_shots": 5,
   "intraSalvoCooldown_s": 10,
   "efficiency": 0.7,
   "flatChipping": 0.35,
   "magazine": 300,
   "ammoMass_kg": 25,
   "muzzleVelocity_kps": 8.1,
   "warheadMass_kg": 21.875,
   "bombardmentValue": 5,
   "targetingRange_km": 650,
   "pivotRange_deg": 30,
   "weightedBuildMaterials": {
      "volatiles": 0.3,
      "metals": 0.35,
      "nobleMetals": 0.33,
      "exotics": 0.02
   },
   "ammoMaterials": {
      "volatiles": 0.1,
      "metals": 0.4,
      "nobleMetals": 0.5,
      "exotics": ""
   },
   "iconResource": "shipbuildericons/ICO_LightCoilCannonMk3",
   "modelResource": "shipweapons/small_coilgun_cannon",
   "shotModelResource": "spaceCombat/BulletCoil",
   "impactVisualFXResource": "spaceCombat/ImpactWhite",
   "fireSoundFXResource": "event:/SFX/Game_SFX/Guns/trig_SFX_CoilGun_Cannon",
   "impactSoundFXResource": "event:/SFX/Game_SFX/Ship_Fire_Impacts/trig_SFX_BlasterLongLoudMid019MonoRR"
},
 {
   "dataName": "CoilCannonMk3",
   "friendlyName": "Coil Cannon Mk3",
   "mount": "TwoNoseVert",
   "crew": 6,
   "sort": 35,
   "requiredProjectName": "Project_CoilCannonMk3",
   "attackMode": true,
   "defenseMode": false,
   "baseWeaponMass_tons": 100,
   "cooldown_s": 24,
   "salvo_shots": 5,
   "intraSalvoCooldown_s": 12,
   "efficiency": 0.7,
   "flatChipping": 0.35,
   "magazine": 360,
   "ammoMass_kg": 50,
   "muzzleVelocity_kps": 9,
   "warheadMass_kg": 43.75,
   "bombardmentValue": 6,
   "targetingRange_km": 800,
   "pivotRange_deg": 30,
   "weightedBuildMaterials": {
      "volatiles": 0.3,
      "metals": 0.35,
      "nobleMetals": 0.32,
      "exotics": 0.03
   },
   "ammoMaterials": {
      "volatiles": 0.1,
      "metals": 0.4,
      "nobleMetals": 0.5,
      "exotics": ""
   },
   "iconResource": "shipbuildericons/ICO_CoilCannonMk3",
   "modelResource": "shipweapons/medium_coilgun_cannon",
   "shotModelResource": "spaceCombat/BulletCoil",
   "impactVisualFXResource": "spaceCombat/ImpactWhite",
   "fireSoundFXResource": "event:/SFX/Game_SFX/Guns/trig_SFX_CoilGun_Cannon",
   "impactSoundFXResource": "event:/SFX/Game_SFX/Ship_Fire_Impacts/trig_SFX_BlasterLongLoudMid019MonoRR"
},
 {
   "dataName": "SpinalCoilerMk3",
   "friendlyName": "Spinal Coiler Mk3",
   "mount": "FourNose",
   "crew": 6,
   "sort": 36,
   "requiredProjectName": "Project_SpinalCoilerMk3",
   "attackMode": true,
   "defenseMode": false,
   "baseWeaponMass_tons": 200,
   "cooldown_s": 48,
   "salvo_shots": 5,
   "intraSalvoCooldown_s": 24,
   "efficiency": 0.7,
   "flatChipping": 0.35,
   "magazine": 450,
   "ammoMass_kg": 100,
   "muzzleVelocity_kps": 9.9,
   "warheadMass_kg": 87.5,
   "bombardmentValue": 7,
   "targetingRange_km": 1000,
   "pivotRange_deg": 30,
   "weightedBuildMaterials": {
      "volatiles": 0.3,
      "metals": 0.35,
      "nobleMetals": 0.31,
      "exotics": 0.04
   },
   "ammoMaterials": {
      "volatiles": 0.1,
      "metals": 0.4,
      "nobleMetals": 0.5,
      "exotics": ""
   },
   "iconResource": "shipbuildericons/ICO_SpinalCoilerMk3",
   "modelResource": "shipweapons/huge_coilgun_cannon",
   "shotModelResource": "spaceCombat/BulletCoil",
   "impactVisualFXResource": "spaceCombat/ImpactWhite",
   "fireSoundFXResource": "event:/SFX/Game_SFX/Guns/trig_SFX_CoilGun_Cannon",
   "impactSoundFXResource": "event:/SFX/Game_SFX/Ship_Fire_Impacts/trig_SFX_BlasterLongLoudMid019MonoRR"
},
 {
   "dataName": "AlienLightMagBattery",
   "friendlyName": "Alien Light Mag Battery",
   "mount": "OneHull",
   "crew": 1,
   "sort": 37,
   "requiredProjectName": "Project_AlienMasterProject",
   "attackMode": true,
   "defenseMode": false,
   "baseWeaponMass_tons": 40,
   "cooldown_s": 15,
   "salvo_shots": 4,
   "intraSalvoCooldown_s": 5,
   "efficiency": 0.6,
   "flatChipping": 0.25,
   "magazine": 1500,
   "ammoMass_kg": 15,
   "muzzleVelocity_kps": 3.2,
   "warheadMass_kg": 12.75,
   "bombardmentValue": 2,
   "targetingRange_km": 550,
   "pivotRange_deg": 180,
   "weightedBuildMaterials": {
      "volatiles": 0.15,
      "metals": 0.6,
      "nobleMetals": 0.25,
      "exotics": null
   },
   "ammoMaterials": {
      "volatiles": 0.1,
      "metals": 0.5,
      "nobleMetals": 0.4,
      "exotics": ""
   },
   "iconResource": "shipbuildericons/ICO_AlienLightMagBattery",
   "modelResource": "shipweapons/alien_small_coilgun_battery",
   "shotModelResource": "spaceCombat/BulletMagAlien",
   "impactVisualFXResource": "spaceCombat/ImpactWhite",
   "fireSoundFXResource": "event:/SFX/Game_SFX/Guns/trig_SFX_Alien_Turrent",
   "impactSoundFXResource": "event:/SFX/Game_SFX/Ship_Fire_Impacts/trig_SFX_BlasterLongAverageLow001MonoRR"
},
 {
   "dataName": "AlienMagBattery",
   "friendlyName": "Alien Mag Battery",
   "mount": "TwoHullHoriz",
   "crew": 2,
   "sort": 38,
   "requiredProjectName": "Project_AlienMasterProject",
   "attackMode": true,
   "defenseMode": false,
   "baseWeaponMass_tons": 80,
   "cooldown_s": 18,
   "salvo_shots": 4,
   "intraSalvoCooldown_s": 6,
   "efficiency": 0.6,
   "flatChipping": 0.25,
   "magazine": 1800,
   "ammoMass_kg": 30,
   "muzzleVelocity_kps": 4,
   "warheadMass_kg": 25.5,
   "bombardmentValue": 3,
   "targetingRange_km": 700,
   "pivotRange_deg": 180,
   "weightedBuildMaterials": {
      "volatiles": 0.15,
      "metals": 0.6,
      "nobleMetals": 0.25,
      "exotics": null
   },
   "ammoMaterials": {
      "volatiles": 0.1,
      "metals": 0.5,
      "nobleMetals": 0.4,
      "exotics": ""
   },
   "iconResource": "shipbuildericons/ICO_AlienMagBattery",
   "modelResource": "shipweapons/alien_medium_coilgun_battery",
   "shotModelResource": "spaceCombat/BulletMagAlien",
   "impactVisualFXResource": "spaceCombat/ImpactWhite",
   "fireSoundFXResource": "event:/SFX/Game_SFX/Guns/trig_SFX_Alien_Turrent",
   "impactSoundFXResource": "event:/SFX/Game_SFX/Ship_Fire_Impacts/trig_SFX_BlasterLongAverageLow001MonoRR"
},
 {
   "dataName": "AlienHeavyMagBattery",
   "friendlyName": "Alien Heavy Mag Battery",
   "mount": "FourHull",
   "crew": 3,
   "sort": 39,
   "requiredProjectName": "Project_AlienMasterProject",
   "attackMode": true,
   "defenseMode": false,
   "baseWeaponMass_tons": 160,
   "cooldown_s": 21.6,
   "salvo_shots": 4,
   "intraSalvoCooldown_s": 7.2,
   "efficiency": 0.6,
   "flatChipping": 0.25,
   "magazine": 2160,
   "ammoMass_kg": 60,
   "muzzleVelocity_kps": 4.8,
   "warheadMass_kg": 51,
   "bombardmentValue": 4,
   "targetingRange_km": 850,
   "pivotRange_deg": 180,
   "weightedBuildMaterials": {
      "volatiles": 0.15,
      "metals": 0.6,
      "nobleMetals": 0.25,
      "exotics": null
   },
   "ammoMaterials": {
      "volatiles": 0.1,
      "metals": 0.5,
      "nobleMetals": 0.4,
      "exotics": ""
   },
   "iconResource": "shipbuildericons/ICO_AlienHeavyMagBattery",
   "modelResource": "shipweapons/alien_large_coilgun_battery",
   "shotModelResource": "spaceCombat/BulletMagAlien",
   "impactVisualFXResource": "spaceCombat/ImpactWhite",
   "fireSoundFXResource": "event:/SFX/Game_SFX/Guns/trig_SFX_Alien_Turrent",
   "impactSoundFXResource": "event:/SFX/Game_SFX/Ship_Fire_Impacts/trig_SFX_BlasterLongAverageLow001MonoRR"
},
 {
   "dataName": "AlienLightMagCannon",
   "friendlyName": "Alien Light Mag Cannon",
   "mount": "OneNose",
   "crew": 1,
   "sort": 40,
   "requiredProjectName": "Project_AlienMasterProject",
   "attackMode": true,
   "defenseMode": false,
   "baseWeaponMass_tons": 50,
   "cooldown_s": 25,
   "salvo_shots": 3,
   "intraSalvoCooldown_s": 5,
   "efficiency": 0.6,
   "flatChipping": 0.35,
   "magazine": 300,
   "ammoMass_kg": 40,
   "muzzleVelocity_kps": 4.2,
   "warheadMass_kg": 34,
   "bombardmentValue": 3,
   "targetingRange_km": 600,
   "pivotRange_deg": 30,
   "weightedBuildMaterials": {
      "volatiles": 0.15,
      "metals": 0.6,
      "nobleMetals": 0.25,
      "exotics": null
   },
   "ammoMaterials": {
      "volatiles": 0.1,
      "metals": 0.5,
      "nobleMetals": 0.4,
      "exotics": ""
   },
   "iconResource": "shipbuildericons/ICO_AlienLightMagCannon",
   "modelResource": "shipweapons/alien_small_coilgun_cannon",
   "shotModelResource": "spaceCombat/BulletMagAlien",
   "impactVisualFXResource": "spaceCombat/ImpactWhite",
   "fireSoundFXResource": "event:/SFX/Game_SFX/Guns/trig_SFX_Alien_Cannon",
   "impactSoundFXResource": "event:/SFX/Game_SFX/Ship_Fire_Impacts/trig_SFX_BlasterLongQuietMid006MonoRR"
},
 {
   "dataName": "AlienMagCannon",
   "friendlyName": "Alien Mag Cannon",
   "mount": "TwoNoseVert",
   "crew": 2,
   "sort": 41,
   "requiredProjectName": "Project_AlienMasterProject",
   "attackMode": true,
   "defenseMode": false,
   "baseWeaponMass_tons": 100,
   "cooldown_s": 30,
   "salvo_shots": 3,
   "intraSalvoCooldown_s": 6,
   "efficiency": 0.6,
   "flatChipping": 0.35,
   "magazine": 360,
   "ammoMass_kg": 80,
   "muzzleVelocity_kps": 5.12,
   "warheadMass_kg": 68,
   "bombardmentValue": 4,
   "targetingRange_km": 750,
   "pivotRange_deg": 30,
   "weightedBuildMaterials": {
      "volatiles": 0.15,
      "metals": 0.6,
      "nobleMetals": 0.25,
      "exotics": null
   },
   "ammoMaterials": {
      "volatiles": 0.1,
      "metals": 0.5,
      "nobleMetals": 0.4,
      "exotics": ""
   },
   "iconResource": "shipbuildericons/ICO_AlienMagCannon",
   "modelResource": "shipweapons/alien_medium_coilgun_cannon",
   "shotModelResource": "spaceCombat/BulletMagAlien",
   "impactVisualFXResource": "spaceCombat/ImpactWhite",
   "fireSoundFXResource": "event:/SFX/Game_SFX/Guns/trig_SFX_Alien_Cannon",
   "impactSoundFXResource": "event:/SFX/Game_SFX/Ship_Fire_Impacts/trig_SFX_BlasterLongQuietMid006MonoRR"
},
 {
   "dataName": "AlienSpinalMagCannon",
   "friendlyName": "Alien Spinal Mag Cannon",
   "mount": "FourNose",
   "crew": 3,
   "sort": 42,
   "requiredProjectName": "Project_AlienMasterProject",
   "attackMode": true,
   "defenseMode": false,
   "baseWeaponMass_tons": 200,
   "cooldown_s": 60,
   "salvo_shots": 3,
   "intraSalvoCooldown_s": 12,
   "efficiency": 0.6,
   "flatChipping": 0.35,
   "magazine": 450,
   "ammoMass_kg": 160,
   "muzzleVelocity_kps": 7.68,
   "warheadMass_kg": 136,
   "bombardmentValue": 5,
   "targetingRange_km": 950,
   "pivotRange_deg": 30,
   "weightedBuildMaterials": {
      "volatiles": 0.15,
      "metals": 0.6,
      "nobleMetals": 0.25,
      "exotics": null
   },
   "ammoMaterials": {
      "volatiles": 0.1,
      "metals": 0.5,
      "nobleMetals": 0.4,
      "exotics": ""
   },
   "iconResource": "shipbuildericons/ICO_AlienSpinalMagCannon",
   "modelResource": "shipweapons/alien_huge_coilgun_cannon",
   "shotModelResource": "spaceCombat/BulletMagAlien",
   "impactVisualFXResource": "spaceCombat/ImpactWhite",
   "fireSoundFXResource": "event:/SFX/Game_SFX/Guns/trig_SFX_Alien_Cannon",
   "impactSoundFXResource": "event:/SFX/Game_SFX/Ship_Fire_Impacts/trig_SFX_BlasterLongQuietMid006MonoRR"
},
 {
   "dataName": "AdvancedAlienLightMagBattery",
   "friendlyName": "Advanced Alien Light Mag Battery",
   "mount": "OneHull",
   "crew": 1,
   "sort": 43,
   "requiredProjectName": "Project_AlienMasterProject",
   "attackMode": true,
   "defenseMode": false,
   "baseWeaponMass_tons": 40,
   "cooldown_s": 10,
   "salvo_shots": 5,
   "intraSalvoCooldown_s": 5,
   "efficiency": 0.7,
   "flatChipping": 0.25,
   "magazine": 1500,
   "ammoMass_kg": 15,
   "muzzleVelocity_kps": 4.8,
   "warheadMass_kg": 13.5,
   "bombardmentValue": 3,
   "targetingRange_km": 600,
   "pivotRange_deg": 180,
   "weightedBuildMaterials": {
      "volatiles": 0.15,
      "metals": 0.55,
      "nobleMetals": 0.29,
      "exotics": 0.01
   },
   "ammoMaterials": {
      "volatiles": 0.1,
      "metals": 0.4,
      "nobleMetals": 0.5,
      "exotics": ""
   },
   "iconResource": "shipbuildericons/ICO_AdvancedAlienLightMagBattery",
   "modelResource": "shipweapons/alien_small_coilgun_battery",
   "shotModelResource": "spaceCombat/BulletMagAlien",
   "impactVisualFXResource": "spaceCombat/ImpactWhite",
   "fireSoundFXResource": "event:/SFX/Game_SFX/Guns/trig_SFX_Alien_Turrent",
   "impactSoundFXResource": "event:/SFX/Game_SFX/Ship_Fire_Impacts/trig_SFX_BlasterLongAverageLow001MonoRR"
},
 {
   "dataName": "AdvancedAlienMagBattery",
   "friendlyName": "Advanced Alien Mag Battery",
   "mount": "TwoHullHoriz",
   "crew": 2,
   "sort": 44,
   "requiredProjectName": "Project_AlienMasterProject",
   "attackMode": true,
   "defenseMode": false,
   "baseWeaponMass_tons": 80,
   "cooldown_s": 12,
   "salvo_shots": 5,
   "intraSalvoCooldown_s": 6,
   "efficiency": 0.7,
   "flatChipping": 0.25,
   "magazine": 1800,
   "ammoMass_kg": 30,
   "muzzleVelocity_kps": 6,
   "warheadMass_kg": 27,
   "bombardmentValue": 4,
   "targetingRange_km": 750,
   "pivotRange_deg": 180,
   "weightedBuildMaterials": {
      "volatiles": 0.15,
      "metals": 0.55,
      "nobleMetals": 0.28,
      "exotics": 0.02
   },
   "ammoMaterials": {
      "volatiles": 0.1,
      "metals": 0.4,
      "nobleMetals": 0.5,
      "exotics": ""
   },
   "iconResource": "shipbuildericons/ICO_AdvancedAlienMagBattery",
   "modelResource": "shipweapons/alien_medium_coilgun_battery",
   "shotModelResource": "spaceCombat/BulletMagAlien",
   "impactVisualFXResource": "spaceCombat/ImpactWhite",
   "fireSoundFXResource": "event:/SFX/Game_SFX/Guns/trig_SFX_Alien_Turrent",
   "impactSoundFXResource": "event:/SFX/Game_SFX/Ship_Fire_Impacts/trig_SFX_BlasterLongAverageLow001MonoRR"
},
 {
   "dataName": "AdvancedAlienHeavyMagBattery",
   "friendlyName": "Advanced Alien Heavy Mag Battery",
   "mount": "FourHull",
   "crew": 3,
   "sort": 45,
   "requiredProjectName": "Project_AlienMasterProject",
   "attackMode": true,
   "defenseMode": false,
   "baseWeaponMass_tons": 160,
   "cooldown_s": 14.4,
   "salvo_shots": 5,
   "intraSalvoCooldown_s": 7.2,
   "efficiency": 0.7,
   "flatChipping": 0.25,
   "magazine": 2160,
   "ammoMass_kg": 60,
   "muzzleVelocity_kps": 7.2,
   "warheadMass_kg": 54,
   "bombardmentValue": 5,
   "targetingRange_km": 900,
   "pivotRange_deg": 180,
   "weightedBuildMaterials": {
      "volatiles": 0.15,
      "metals": 0.55,
      "nobleMetals": 0.27,
      "exotics": 0.03
   },
   "ammoMaterials": {
      "volatiles": 0.1,
      "metals": 0.4,
      "nobleMetals": 0.5,
      "exotics": ""
   },
   "iconResource": "shipbuildericons/ICO_AdvancedAlienHeavyMagBattery",
   "modelResource": "shipweapons/alien_large_coilgun_battery",
   "shotModelResource": "spaceCombat/BulletMagAlien",
   "impactVisualFXResource": "spaceCombat/ImpactWhite",
   "fireSoundFXResource": "event:/SFX/Game_SFX/Guns/trig_SFX_Alien_Turrent",
   "impactSoundFXResource": "event:/SFX/Game_SFX/Ship_Fire_Impacts/trig_SFX_BlasterLongAverageLow001MonoRR"
},
 {
   "dataName": "AdvancedAlienLightMagCannon",
   "friendlyName": "Advanced Alien Light Mag Cannon",
   "mount": "OneNose",
   "crew": 1,
   "sort": 46,
   "requiredProjectName": "Project_AlienMasterProject",
   "attackMode": true,
   "defenseMode": false,
   "baseWeaponMass_tons": 50,
   "cooldown_s": 20,
   "salvo_shots": 4,
   "intraSalvoCooldown_s": 5,
   "efficiency": 0.7,
   "flatChipping": 0.35,
   "magazine": 300,
   "ammoMass_kg": 40,
   "muzzleVelocity_kps": 6.3,
   "warheadMass_kg": 36,
   "bombardmentValue": 4,
   "targetingRange_km": 650,
   "pivotRange_deg": 30,
   "weightedBuildMaterials": {
      "volatiles": 0.15,
      "metals": 0.55,
      "nobleMetals": 0.28,
      "exotics": 0.02
   },
   "ammoMaterials": {
      "volatiles": 0.1,
      "metals": 0.4,
      "nobleMetals": 0.5,
      "exotics": ""
   },
   "iconResource": "shipbuildericons/ICO_AdvancedAlienLightMagCannon",
   "modelResource": "shipweapons/alien_small_coilgun_cannon",
   "shotModelResource": "spaceCombat/BulletMagAlien",
   "impactVisualFXResource": "spaceCombat/ImpactWhite",
   "fireSoundFXResource": "event:/SFX/Game_SFX/Guns/trig_SFX_Alien_Cannon",
   "impactSoundFXResource": "event:/SFX/Game_SFX/Ship_Fire_Impacts/trig_SFX_BlasterLongQuietMid006MonoRR"
},
 {
   "dataName": "AdvancedAlienMagCannon",
   "friendlyName": "Advanced Alien Mag Cannon",
   "mount": "TwoNoseVert",
   "crew": 2,
   "sort": 47,
   "requiredProjectName": "Project_AlienMasterProject",
   "attackMode": true,
   "defenseMode": false,
   "baseWeaponMass_tons": 100,
   "cooldown_s": 24,
   "salvo_shots": 4,
   "intraSalvoCooldown_s": 6,
   "efficiency": 0.7,
   "flatChipping": 0.35,
   "magazine": 360,
   "ammoMass_kg": 80,
   "muzzleVelocity_kps": 7.68,
   "warheadMass_kg": 72,
   "bombardmentValue": 5,
   "targetingRange_km": 800,
   "pivotRange_deg": 30,
   "weightedBuildMaterials": {
      "volatiles": 0.15,
      "metals": 0.55,
      "nobleMetals": 0.27,
      "exotics": 0.03
   },
   "ammoMaterials": {
      "volatiles": 0.1,
      "metals": 0.4,
      "nobleMetals": 0.5,
      "exotics": ""
   },
   "iconResource": "shipbuildericons/ICO_AdvancedAlienMagCannon",
   "modelResource": "shipweapons/alien_medium_coilgun_cannon",
   "shotModelResource": "spaceCombat/BulletMagAlien",
   "impactVisualFXResource": "spaceCombat/ImpactWhite",
   "fireSoundFXResource": "event:/SFX/Game_SFX/Guns/trig_SFX_Alien_Cannon",
   "impactSoundFXResource": "event:/SFX/Game_SFX/Ship_Fire_Impacts/trig_SFX_BlasterLongQuietMid006MonoRR"
},
 {
   "dataName": "AdvancedAlienSpinalMagCannon",
   "friendlyName": "Advanced Alien Spinal Mag Cannon",
   "mount": "FourNose",
   "crew": 3,
   "sort": 48,
   "requiredProjectName": "Project_AlienMasterProject",
   "attackMode": true,
   "defenseMode": false,
   "baseWeaponMass_tons": 200,
   "cooldown_s": 48,
   "salvo_shots": 4,
   "intraSalvoCooldown_s": 12,
   "efficiency": 0.7,
   "flatChipping": 0.35,
   "magazine": 450,
   "ammoMass_kg": 160,
   "muzzleVelocity_kps": 11.52,
   "warheadMass_kg": 144,
   "bombardmentValue": 6,
   "targetingRange_km": 1000,
   "pivotRange_deg": 30,
   "weightedBuildMaterials": {
      "volatiles": 0.15,
      "metals": 0.55,
      "nobleMetals": 0.26,
      "exotics": 0.04
   },
   "ammoMaterials": {
      "volatiles": 0.1,
      "metals": 0.4,
      "nobleMetals": 0.5,
      "exotics": ""
   },
   "iconResource": "shipbuildericons/ICO_AdvancedAlienSpinalMagCannon",
   "modelResource": "shipweapons/alien_huge_coilgun_cannon",
   "shotModelResource": "spaceCombat/BulletMagAlien",
   "impactVisualFXResource": "spaceCombat/ImpactWhite",
   "fireSoundFXResource": "event:/SFX/Game_SFX/Guns/trig_SFX_Alien_Cannon",
   "impactSoundFXResource": "event:/SFX/Game_SFX/Ship_Fire_Impacts/trig_SFX_BlasterLongQuietMid006MonoRR"
}
]