[
 {
   "dataName": "CarbonaceousMine",
   "friendlyName": "Common Carbonaceous",
   "modifyBySize": true,
   "descriptor": "C, G, B",
   "modelValue": 4,
   "water_mean": 25,
   "water_width": 10,
   "water_min": 10,
   "water_jump": 0.1,
   "volatiles_mean": 50,
   "volatiles_width": 10,
   "volatiles_min": 20,
   "volatiles_jump": 0.2,
   "metals_mean": 0,
   "metals_width": 10,
   "metals_min": 0,
   "metals_jump": 0.2,
   "nobles_mean": 0,
   "nobles_width": 5,
   "nobles_min": 0,
   "nobles_jump": 0.1,
   "fissiles_mean": 0,
   "fissiles_width": 0,
   "fissiles_min": 0,
   "fissiles_jump": 0,
   "Notes": ""
 },
 {
   "dataName": "WetCarbonaceusMine",
   "friendlyName": "Wet Carbonaceous",
   "modifyBySize": true,
   "descriptor": "D",
   "modelValue": 3,
   "water_mean": 40,
   "water_width": 12,
   "water_min": 20,
   "water_jump": 0.1,
   "volatiles_mean": 40,
   "volatiles_width": 15,
   "volatiles_min": 20,
   "volatiles_jump": 0.3,
   "metals_mean": -5,
   "metals_width": 10,
   "metals_min": 0,
   "metals_jump": 0.2,
   "nobles_mean": 0,
   "nobles_width": 5,
   "nobles_min": 0,
   "nobles_jump": 0.1,
   "fissiles_mean": 0,
   "fissiles_width": 0,
   "fissiles_min": 0,
   "fissiles_jump": 0,
   "Notes": ""
 },
 {
   "dataName": "DryCarbonaceousMine",
   "friendlyName": "Dry Carbonaceous",
   "modifyBySize": true,
   "descriptor": "T, F",
   "modelValue": 2,
   "water_mean": 0,
   "water_width": 0,
   "water_min": 0,
   "water_jump": 0,
   "volatiles_mean": 50,
   "volatiles_width": 10,
   "volatiles_min": 20,
   "volatiles_jump": 0.2,
   "metals_mean": 0,
   "metals_width": 10,
   "metals_min": 0,
   "metals_jump": 0.2,
   "nobles_mean": 0,
   "nobles_width": 5,
   "nobles_min": 0,
   "nobles_jump": 0.1,
   "fissiles_mean": 0,
   "fissiles_width": 0,
   "fissiles_min": 0,
   "fissiles_jump": 0,
   "Notes": ""
 },
 {
   "dataName": "MixedCSMine",
   "friendlyName": "Carbonaceous-Stony",
   "modifyBySize": true,
   "descriptor": "P",
   "modelValue": 9,
   "water_mean": 15,
   "water_width": 15,
   "water_min": 0,
   "water_jump": 0.2,
   "volatiles_mean": 25,
   "volatiles_width": 10,
   "volatiles_min": 10,
   "volatiles_jump": 0.2,
   "metals_mean": 15,
   "metals_width": 10,
   "metals_min": 5,
   "metals_jump": 0.3,
   "nobles_mean": 0,
   "nobles_width": 10,
   "nobles_min": 0,
   "nobles_jump": 0.2,
   "fissiles_mean": 0,
   "fissiles_width": 1,
   "fissiles_min": 0,
   "fissiles_jump": 0.2,
   "Notes": ""
 },
 {
   "dataName": "MixedCMMine",
   "friendlyName": "Carbonaceous-Metallic",
   "modifyBySize": true,
   "descriptor": "X",
   "modelValue": 1,
   "water_mean": 10,
   "water_width": 10,
   "water_min": 0,
   "water_jump": 0.2,
   "volatiles_mean": 25,
   "volatiles_width": 10,
   "volatiles_min": 10,
   "volatiles_jump": 0.2,
   "metals_mean": 30,
   "metals_width": 10,
   "metals_min": 15,
   "metals_jump": 0.2,
   "nobles_mean": 10,
   "nobles_width": 5,
   "nobles_min": 3,
   "nobles_jump": 0.1,
   "fissiles_mean": 0,
   "fissiles_width": 0,
   "fissiles_min": 0,
   "fissiles_jump": 0,
   "Notes": ""
 },
 {
   "dataName": "IcyCarbonaceousMine",
   "friendlyName": "Icy-Carbonaceous",
   "modifyBySize": true,
   "descriptor": "Dirty Comet, Z",
   "modelValue": 6,
   "water_mean": 40,
   "water_width": 10,
   "water_min": 20,
   "water_jump": 0.2,
   "volatiles_mean": 25,
   "volatiles_width": 10,
   "volatiles_min": 10,
   "volatiles_jump": 0.2,
   "metals_mean": 0,
   "metals_width": 0,
   "metals_min": 0,
   "metals_jump": 0,
   "nobles_mean": 0,
   "nobles_width": 0,
   "nobles_min": 0,
   "nobles_jump": 0,
   "fissiles_mean": 0,
   "fissiles_width": 0,
   "fissiles_min": 0,
   "fissiles_jump": 0,
   "Notes": ""
 },
 {
   "dataName": "IcyMine",
   "friendlyName": "Icy",
   "modifyBySize": true,
   "descriptor": "Comet, Small TNO, IceSat",
   "modelValue": 10,
   "water_mean": 50,
   "water_width": 10,
   "water_min": 30,
   "water_jump": 0.2,
   "volatiles_mean": 2,
   "volatiles_width": 4,
   "volatiles_min": 0,
   "volatiles_jump": 0.2,
   "metals_mean": 0,
   "metals_width": 0,
   "metals_min": 0,
   "metals_jump": 0,
   "nobles_mean": 0,
   "nobles_width": 0,
   "nobles_min": 0,
   "nobles_jump": 0,
   "fissiles_mean": 0,
   "fissiles_width": 0,
   "fissiles_min": 0,
   "fissiles_jump": 0,
   "Notes": ""
 },
 {
   "dataName": "MixedMSMine",
   "friendlyName": "Metallic-Stony",
   "modifyBySize": true,
   "descriptor": "E",
   "modelValue": 5,
   "water_mean": 0,
   "water_width": 0,
   "water_min": 0,
   "water_jump": 0,
   "volatiles_mean": 0,
   "volatiles_width": 0,
   "volatiles_min": 0,
   "volatiles_jump": 0,
   "metals_mean": 40,
   "metals_width": 10,
   "metals_min": 20,
   "metals_jump": 0.2,
   "nobles_mean": 10,
   "nobles_width": 10,
   "nobles_min": 3,
   "nobles_jump": 0.2,
   "fissiles_mean": 0,
   "fissiles_width": 1,
   "fissiles_min": 0,
   "fissiles_jump": 0.3,
   "Notes": ""
 },
 {
   "dataName": "MetallicMine",
   "friendlyName": "Metallic",
   "modifyBySize": true,
   "descriptor": "M",
   "modelValue": 11,
   "water_mean": 0,
   "water_width": 5,
   "water_min": 0,
   "water_jump": 0.1,
   "volatiles_mean": 0,
   "volatiles_width": 0,
   "volatiles_min": 0,
   "volatiles_jump": 0,
   "metals_mean": 50,
   "metals_width": 10,
   "metals_min": 30,
   "metals_jump": 0.3,
   "nobles_mean": 25,
   "nobles_width": 15,
   "nobles_min": 5,
   "nobles_jump": 0.3,
   "fissiles_mean": 0,
   "fissiles_width": 1,
   "fissiles_min": 0,
   "fissiles_jump": 0.2,
   "Notes": ""
 },
 {
   "dataName": "StonyMine",
   "friendlyName": "Stony",
   "modifyBySize": true,
   "descriptor": "S",
   "modelValue": 8,
   "water_mean": 10,
   "water_width": 10,
   "water_min": 0,
   "water_jump": 0.2,
   "volatiles_mean": 0,
   "volatiles_width": 0,
   "volatiles_min": 0,
   "volatiles_jump": 0,
   "metals_mean": 20,
   "metals_width": 10,
   "metals_min": 5,
   "metals_jump": 0.2,
   "nobles_mean": 0,
   "nobles_width": 10,
   "nobles_min": 0,
   "nobles_jump": 0.2,
   "fissiles_mean": 0,
   "fissiles_width": 1,
   "fissiles_min": 0,
   "fissiles_jump": 0.5,
   "Notes": ""
 },
 {
   "dataName": "DryStonyMine",
   "friendlyName": "Dry Stony",
   "modifyBySize": true,
   "descriptor": "S, Q",
   "modelValue": 8,
   "water_mean": 0,
   "water_width": 0,
   "water_min": 0,
   "water_jump": 0,
   "volatiles_mean": 0,
   "volatiles_width": 0,
   "volatiles_min": 0,
   "volatiles_jump": 0,
   "metals_mean": 20,
   "metals_width": 10,
   "metals_min": 5,
   "metals_jump": 0.2,
   "nobles_mean": 0,
   "nobles_width": 10,
   "nobles_min": 0,
   "nobles_jump": 0.2,
   "fissiles_mean": 0,
   "fissiles_width": 1,
   "fissiles_min": 0,
   "fissiles_jump": 0.6,
   "Notes": ""
 },
 {
   "dataName": "VestoidMine",
   "friendlyName": "Vestoid",
   "modifyBySize": true,
   "descriptor": "V, R, A",
   "modelValue": 7,
   "water_mean": 25,
   "water_width": 10,
   "water_min": 5,
   "water_jump": 0.1,
   "volatiles_mean": 30,
   "volatiles_width": 10,
   "volatiles_min": 10,
   "volatiles_jump": 0.2,
   "metals_mean": 30,
   "metals_width": 10,
   "metals_min": 10,
   "metals_jump": 0.2,
   "nobles_mean": 5,
   "nobles_width": 10,
   "nobles_min": 0,
   "nobles_jump": 0.2,
   "fissiles_mean": 0,
   "fissiles_width": 1,
   "fissiles_min": 0,
   "fissiles_jump": 0.5,
   "Notes": ""
 },
 {
   "dataName": "MercuryPolarMine",
   "friendlyName": "Mercury Polar",
   "modifyBySize": false,
   "descriptor": "",
   "modelValue": null,
   "water_mean": 0,
   "water_width": 5,
   "water_min": 0,
   "water_jump": 0.1,
   "volatiles_mean": 5,
   "volatiles_width": 5,
   "volatiles_min": 0,
   "volatiles_jump": 0.1,
   "metals_mean": 50,
   "metals_width": 15,
   "metals_min": 20,
   "metals_jump": 0.3,
   "nobles_mean": 0,
   "nobles_width": 10,
   "nobles_min": 0,
   "nobles_jump": 0.2,
   "fissiles_mean": 0,
   "fissiles_width": 1,
   "fissiles_min": 0,
   "fissiles_jump": 0.4,
   "Notes": ""
 },
 {
   "dataName": "LunarNorthPolarMine",
   "friendlyName": "LunarNorthPolar",
   "modifyBySize": false,
   "descriptor": "",
   "modelValue": null,
   "water_mean": 5,
   "water_width": 5,
   "water_min": 0,
   "water_jump": 0.1,
   "volatiles_mean": 0,
   "volatiles_width": 8,
   "volatiles_min": 0,
   "volatiles_jump": 0,
   "metals_mean": 10,
   "metals_width": 10,
   "metals_min": 5,
   "metals_jump": 0.2,
   "nobles_mean": 0,
   "nobles_width": 0,
   "nobles_min": 0,
   "nobles_jump": 0,
   "fissiles_mean": 0,
   "fissiles_width": 1,
   "fissiles_min": 0,
   "fissiles_jump": 0.5,
   "Notes": ""
 },
 {
   "dataName": "LunarMine",
   "friendlyName": "Lunar Equatorial",
   "modifyBySize": false,
   "descriptor": "",
   "modelValue": null,
   "water_mean": 0,
   "water_width": 0,
   "water_min": 0,
   "water_jump": 0,
   "volatiles_mean": 0,
   "volatiles_width": 5,
   "volatiles_min": 0,
   "volatiles_jump": 0,
   "metals_mean": 10,
   "metals_width": 10,
   "metals_min": 5,
   "metals_jump": 0.3,
   "nobles_mean": 0,
   "nobles_width": 0,
   "nobles_min": 0,
   "nobles_jump": 0,
   "fissiles_mean": 0,
   "fissiles_width": 2,
   "fissiles_min": 0,
   "fissiles_jump": 0.7,
   "Notes": ""
 },
 {
   "dataName": "LunarTranquilityMine",
   "friendlyName": "Lunar Tranquility",
   "modifyBySize": false,
   "descriptor": "",
   "modelValue": null,
   "water_mean": 0,
   "water_width": 0,
   "water_min": 0,
   "water_jump": 0,
   "volatiles_mean": 0,
   "volatiles_width": 5,
   "volatiles_min": 0,
   "volatiles_jump": 0,
   "metals_mean": 10,
   "metals_width": 10,
   "metals_min": 5,
   "metals_jump": 0.3,
   "nobles_mean": 0,
   "nobles_width": 10,
   "nobles_min": 0,
   "nobles_jump": 0.2,
   "fissiles_mean": 0,
   "fissiles_width": 2,
   "fissiles_min": 0,
   "fissiles_jump": 0.6,
   "Notes": ""
 },
 {
   "dataName": "LunarSouthPolarMine",
   "friendlyName": "LunarSouthPolar",
   "modifyBySize": false,
   "descriptor": "",
   "modelValue": null,
   "water_mean": 5,
   "water_width": 10,
   "water_min": 0,
   "water_jump": 0.2,
   "volatiles_mean": 0,
   "volatiles_width": 8,
   "volatiles_min": 0,
   "volatiles_jump": 0,
   "metals_mean": 10,
   "metals_width": 10,
   "metals_min": 5,
   "metals_jump": 0.2,
   "nobles_mean": 0,
   "nobles_width": 0,
   "nobles_min": 0,
   "nobles_jump": 0,
   "fissiles_mean": 0,
   "fissiles_width": 1,
   "fissiles_min": 0,
   "fissiles_jump": 0.5,
   "Notes": ""
 },
 {
   "dataName": "MartianNorthPolarMine",
   "friendlyName": "Martian North Polar",
   "modifyBySize": false,
   "descriptor": "",
   "modelValue": null,
   "water_mean": 50,
   "water_width": 10,
   "water_min": 10,
   "water_jump": 0.2,
   "volatiles_mean": 20,
   "volatiles_width": 10,
   "volatiles_min": 5,
   "volatiles_jump": 0.2,
   "metals_mean": 10,
   "metals_width": 10,
   "metals_min": 5,
   "metals_jump": 0.2,
   "nobles_mean": 0,
   "nobles_width": 5,
   "nobles_min": 0,
   "nobles_jump": 0.1,
   "fissiles_mean": 0,
   "fissiles_width": 2,
   "fissiles_min": 0,
   "fissiles_jump": 0.8,
   "Notes": ""
 },
 {
   "dataName": "MartianMine",
   "friendlyName": "Martian Equatorial",
   "modifyBySize": false,
   "descriptor": "",
   "modelValue": null,
   "water_mean": 25,
   "water_width": 5,
   "water_min": 5,
   "water_jump": 0.1,
   "volatiles_mean": 20,
   "volatiles_width": 10,
   "volatiles_min": 5,
   "volatiles_jump": 0.2,
   "metals_mean": 20,
   "metals_width": 20,
   "metals_min": 5,
   "metals_jump": 0.4,
   "nobles_mean": 0,
   "nobles_width": 10,
   "nobles_min": 0,
   "nobles_jump": 0.2,
   "fissiles_mean": 0,
   "fissiles_width": 1,
   "fissiles_min": 0,
   "fissiles_jump": 0.5,
   "Notes": ""
 },
 {
   "dataName": "MartianVolcanoMine",
   "friendlyName": "Martian Volcano",
   "modifyBySize": false,
   "descriptor": "",
   "modelValue": null,
   "water_mean": 10,
   "water_width": 5,
   "water_min": 0,
   "water_jump": 0.1,
   "volatiles_mean": 25,
   "volatiles_width": 10,
   "volatiles_min": 10,
   "volatiles_jump": 0.2,
   "metals_mean": 40,
   "metals_width": 15,
   "metals_min": 20,
   "metals_jump": 0.3,
   "nobles_mean": 15,
   "nobles_width": 10,
   "nobles_min": 5,
   "nobles_jump": 0.2,
   "fissiles_mean": 0,
   "fissiles_width": 1,
   "fissiles_min": 0,
   "fissiles_jump": 0.5,
   "Notes": ""
 },
 {
   "dataName": "MartianSouthPolarMine",
   "friendlyName": "Martian South Polar",
   "modifyBySize": false,
   "descriptor": "",
   "modelValue": null,
   "water_mean": 50,
   "water_width": 10,
   "water_min": 10,
   "water_jump": 0.2,
   "volatiles_mean": 20,
   "volatiles_width": 10,
   "volatiles_min": 5,
   "volatiles_jump": 0.2,
   "metals_mean": 10,
   "metals_width": 10,
   "metals_min": 5,
   "metals_jump": 0.2,
   "nobles_mean": 0,
   "nobles_width": 5,
   "nobles_min": 0,
   "nobles_jump": 0.1,
   "fissiles_mean": 0,
   "fissiles_width": 1,
   "fissiles_min": 0,
   "fissiles_jump": 0.5,
   "Notes": ""
 },
 {
   "dataName": "IonianMine",
   "friendlyName": "Sulferous Planetoid",
   "modifyBySize": false,
   "descriptor": "",
   "modelValue": null,
   "water_mean": 0,
   "water_width": 0,
   "water_min": 0,
   "water_jump": 0,
   "volatiles_mean": 50,
   "volatiles_width": 20,
   "volatiles_min": 30,
   "volatiles_jump": 0.2,
   "metals_mean": 40,
   "metals_width": 20,
   "metals_min": 20,
   "metals_jump": 0.4,
   "nobles_mean": 15,
   "nobles_width": 10,
   "nobles_min": 0,
   "nobles_jump": 0.4,
   "fissiles_mean": 0,
   "fissiles_width": 1,
   "fissiles_min": 0,
   "fissiles_jump": 0.2,
   "Notes": "Io"
 },
 {
   "dataName": "GanymedeanMine",
   "friendlyName": "Diverse Icy Planetoid",
   "modifyBySize": false,
   "descriptor": "",
   "modelValue": null,
   "water_mean": 75,
   "water_width": 10,
   "water_min": 15,
   "water_jump": 0.2,
   "volatiles_mean": 30,
   "volatiles_width": 20,
   "volatiles_min": 10,
   "volatiles_jump": 0.3,
   "metals_mean": 20,
   "metals_width": 20,
   "metals_min": 5,
   "metals_jump": 0.4,
   "nobles_mean": 8,
   "nobles_width": 15,
   "nobles_min": 0,
   "nobles_jump": 0.3,
   "fissiles_mean": 0,
   "fissiles_width": 1,
   "fissiles_min": 0,
   "fissiles_jump": 0.7,
   "Notes": "Ganymede, Europa, Callisto, Ariel, Orcus, Salacia, Charon"
 },
 {
   "dataName": "TitanianMine",
   "friendlyName": "Hydrocarbon-Rich",
   "modifyBySize": false,
   "descriptor": "",
   "modelValue": null,
   "water_mean": 30,
   "water_width": 10,
   "water_min": 10,
   "water_jump": 0.2,
   "volatiles_mean": 50,
   "volatiles_width": 20,
   "volatiles_min": 35,
   "volatiles_jump": 0.2,
   "metals_mean": 10,
   "metals_width": 10,
   "metals_min": 5,
   "metals_jump": 0.2,
   "nobles_mean": 0,
   "nobles_width": 15,
   "nobles_min": 0,
   "nobles_jump": 0.2,
   "fissiles_mean": 0,
   "fissiles_width": 0.5,
   "fissiles_min": 0,
   "fissiles_jump": 0.5,
   "Notes": "Titan"
 },
 {
   "dataName": "IcyPlanetoidMine",
   "friendlyName": "Icy Planetoid",
   "modifyBySize": false,
   "descriptor": "IP",
   "modelValue": null,
   "water_mean": 90,
   "water_width": 10,
   "water_min": 40,
   "water_jump": 0.2,
   "volatiles_mean": 20,
   "volatiles_width": 10,
   "volatiles_min": 5,
   "volatiles_jump": 0.2,
   "metals_mean": 0,
   "metals_width": 15,
   "metals_min": 0,
   "metals_jump": 0.3,
   "nobles_mean": 0,
   "nobles_width": 10,
   "nobles_min": 0,
   "nobles_jump": 0.2,
   "fissiles_mean": 0,
   "fissiles_width": 0.25,
   "fissiles_min": 0,
   "fissiles_jump": 0.3,
   "Notes": "Tethys, Dione, Rhea, Mimas, Oberon, Umbriel, Miranda, 2002 MS4"
 },
 {
   "dataName": "VolatileRichPlanetoidMine",
   "friendlyName": "Volatile-Rich Planetoid",
   "modifyBySize": false,
   "descriptor": "VP",
   "modelValue": null,
   "water_mean": 60,
   "water_width": 10,
   "water_min": 20,
   "water_jump": 0.2,
   "volatiles_mean": 50,
   "volatiles_width": 20,
   "volatiles_min": 35,
   "volatiles_jump": 0.2,
   "metals_mean": 10,
   "metals_width": 15,
   "metals_min": 5,
   "metals_jump": 0.3,
   "nobles_mean": 5,
   "nobles_width": 10,
   "nobles_min": 0,
   "nobles_jump": 0.3,
   "fissiles_mean": 0,
   "fissiles_width": 0.5,
   "fissiles_min": 0,
   "fissiles_jump": 0.5,
   "Notes": "Ceres, Enceladus, Titania, Triton, Pluto, Makemake"
 },
 {
   "dataName": "RockyPlanetoidMine",
   "friendlyName": "Rocky Planetoid",
   "modifyBySize": false,
   "descriptor": "RP",
   "modelValue": null,
   "water_mean": 50,
   "water_width": 10,
   "water_min": 20,
   "water_jump": 0.2,
   "volatiles_mean": 30,
   "volatiles_width": 10,
   "volatiles_min": 10,
   "volatiles_jump": 0.2,
   "metals_mean": 50,
   "metals_width": 20,
   "metals_min": 20,
   "metals_jump": 0.5,
   "nobles_mean": 15,
   "nobles_width": 5,
   "nobles_min": 3,
   "nobles_jump": 0.2,
   "fissiles_mean": 2,
   "fissiles_width": 1,
   "fissiles_min": 2,
   "fissiles_jump": 0.8,
   "Notes": "Haumea, Quaoar"
 }
]