[
 {
   "dataName": "KraitMissileBay",
   "friendlyName": "Krait Missile Bay",
   "mount": "OneHull",
   "crew": 3,
   "requiredProjectName": "Project_Warships",
   "attackMode": true,
   "defenseMode": false,
   "baseWeaponMass_tons": 15,
   "cooldown_s": 60,
   "salvo_shots": 2,
   "intraSalvoCooldown_s": 5,
   "efficiency": 1,
   "flatChipping": 0.8,
   "magazine": 10,
   "ammoMass_kg": 1600,
   "fuelMass_kg": 1100,
   "systemMass_kg": 300,
   "warheadMass_kg": 200,
   "flatDamage_MJ": 240,
   "warheadClass": "Explosive",
   "acceleration_g": 2.5,
   "EV_kps": 2.86,
   "deltaV_kps": 3.33,
   "thrustRamp_s": 3,
   "rotation_degps": 20,
   "turnRamp_s": 2,
   "maneuver_angle": 60,
   "bombardmentValue": 0,
   "targetingRange_km": 1000,
   "pivotRange_deg": 180,
   "weightedBuildMaterials": {
      "volatiles": 0.5,
      "metals": 0.5,
      "nobleMetals": null
   },
   "ammoMaterials": {
      "volatiles": 1.4,
      "metals": 0.2,
      "nobleMetals": null,
      "fissiles": null,
      "antimatter": null,
      "exotics": ""
   },
   "iconResource": "shipbuildericons/ICO_KraitMissileBay",
   "modelResource": "shipweapons/missile_launcher",
   "shotModelResource": "spacecombat/AnacondaMissile",
   "impactVisualFXResource": "spaceCombat/SmallExplosion",
   "fireSoundFXResource": "event:/SFX/Game_SFX/Guns/trig_SFX_Missile_Launch",
   "impactSoundFXResource": "event:/SFX/Game_SFX/Guns/trig_SFX_Explosive_Missile_Detonates_Ship",
   "notes": "Solid-Fuel"
},
 {
   "dataName": "AnacondaMissileBay",
   "friendlyName": "Anaconda Missile Bay",
   "mount": "OneHull",
   "crew": 3,
   "requiredProjectName": "Project_AnacondaMissileBay",
   "attackMode": true,
   "defenseMode": false,
   "baseWeaponMass_tons": 10,
   "cooldown_s": 40,
   "salvo_shots": 3,
   "intraSalvoCooldown_s": 5,
   "efficiency": 1,
   "flatChipping": 0.8,
   "magazine": 16,
   "ammoMass_kg": 1200,
   "fuelMass_kg": 820,
   "systemMass_kg": 280,
   "warheadMass_kg": 100,
   "flatDamage_MJ": 180,
   "warheadClass": "Explosive",
   "acceleration_g": 5,
   "EV_kps": 3.23,
   "deltaV_kps": 3.72,
   "thrustRamp_s": 3,
   "rotation_degps": 20,
   "turnRamp_s": 2,
   "maneuver_angle": 60,
   "bombardmentValue": 0,
   "targetingRange_km": 1000,
   "pivotRange_deg": 180,
   "weightedBuildMaterials": {
      "volatiles": 0.5,
      "metals": 0.5,
      "nobleMetals": null
   },
   "ammoMaterials": {
      "volatiles": 1.1,
      "metals": 0.1,
      "nobleMetals": null,
      "fissiles": null,
      "antimatter": null,
      "exotics": ""
   },
   "iconResource": "shipbuildericons/ICO_AnacondaMissileBay",
   "modelResource": "shipweapons/missile_launcher",
   "shotModelResource": "spacecombat/AnacondaMissile",
   "impactVisualFXResource": "spaceCombat/SmallExplosion",
   "fireSoundFXResource": "event:/SFX/Game_SFX/Guns/trig_SFX_Missile_Launch",
   "impactSoundFXResource": "event:/SFX/Game_SFX/Guns/trig_SFX_Explosive_Missile_Detonates_Ship",
   "notes": "Hypergolic Fuel"
},
 {
   "dataName": "CobraMissileBay",
   "friendlyName": "Cobra Missile Bay",
   "mount": "OneHull",
   "crew": 3,
   "requiredProjectName": "Project_CobraMissileBay",
   "attackMode": true,
   "defenseMode": false,
   "baseWeaponMass_tons": 10,
   "cooldown_s": 50,
   "salvo_shots": 3,
   "intraSalvoCooldown_s": 7,
   "efficiency": 1,
   "flatChipping": 0.8,
   "magazine": 12,
   "ammoMass_kg": 1600,
   "fuelMass_kg": 1150,
   "systemMass_kg": 300,
   "warheadMass_kg": 150,
   "flatDamage_MJ": 270,
   "warheadClass": "Explosive",
   "acceleration_g": 3.5,
   "EV_kps": 3.23,
   "deltaV_kps": 4.1,
   "thrustRamp_s": 3,
   "rotation_degps": 20,
   "turnRamp_s": 2,
   "maneuver_angle": 60,
   "bombardmentValue": 0,
   "targetingRange_km": 1000,
   "pivotRange_deg": 180,
   "weightedBuildMaterials": {
      "volatiles": 0.5,
      "metals": 0.5,
      "nobleMetals": null
   },
   "ammoMaterials": {
      "volatiles": 1.45,
      "metals": 0.15,
      "nobleMetals": null,
      "fissiles": null,
      "antimatter": null,
      "exotics": ""
   },
   "iconResource": "shipbuildericons/ICO_CobraMissileBay",
   "modelResource": "shipweapons/missile_launcher",
   "shotModelResource": "spacecombat/AnacondaMissile",
   "impactVisualFXResource": "spaceCombat/SmallExplosion",
   "fireSoundFXResource": "event:/SFX/Game_SFX/Guns/trig_SFX_Missile_Launch",
   "impactSoundFXResource": "event:/SFX/Game_SFX/Guns/trig_SFX_Explosive_Missile_Detonates_Ship",
   "notes": ""
},
 {
   "dataName": "RattlerMissileBay",
   "friendlyName": "Rattler Missile Bay",
   "mount": "OneHull",
   "crew": 2,
   "requiredProjectName": "Project_RattlerMissileBay",
   "attackMode": true,
   "defenseMode": true,
   "baseWeaponMass_tons": 5,
   "cooldown_s": 40,
   "salvo_shots": 3,
   "intraSalvoCooldown_s": 5,
   "efficiency": 1,
   "flatChipping": 0.5,
   "magazine": 24,
   "ammoMass_kg": 1200,
   "fuelMass_kg": 785,
   "systemMass_kg": 365,
   "warheadMass_kg": 50,
   "flatDamage_MJ": null,
   "warheadClass": "Fragmentation",
   "acceleration_g": 7.5,
   "EV_kps": 3.23,
   "deltaV_kps": 3.43,
   "thrustRamp_s": 3,
   "rotation_degps": 30,
   "turnRamp_s": 2,
   "maneuver_angle": 75,
   "bombardmentValue": 0,
   "targetingRange_km": 1000,
   "pivotRange_deg": 180,
   "weightedBuildMaterials": {
      "volatiles": 0.5,
      "metals": 0.5,
      "nobleMetals": null
   },
   "ammoMaterials": {
      "volatiles": 1.15,
      "metals": 0.045,
      "nobleMetals": 0.005,
      "fissiles": null,
      "antimatter": null,
      "exotics": ""
   },
   "iconResource": "shipbuildericons/ICO_RattlerMissileBay",
   "modelResource": "shipweapons/missile_launcher",
   "shotModelResource": "spacecombat/AnacondaMissile",
   "impactVisualFXResource": "spaceCombat/TinyExplosion",
   "fireSoundFXResource": "event:/SFX/Game_SFX/Guns/trig_SFX_Missile_Launch",
   "impactSoundFXResource": "event:/SFX/Game_SFX/Guns/trig_SFX_Fragmentation_Missile_Detonates_Ship",
   "notes": ""
},
 {
   "dataName": "RiverjackMissileBay",
   "friendlyName": "Riverjack Missile Bay",
   "mount": "OneHull",
   "crew": 2,
   "requiredProjectName": "Project_RiverjackMissileBay",
   "attackMode": true,
   "defenseMode": true,
   "baseWeaponMass_tons": 5,
   "cooldown_s": 50,
   "salvo_shots": 3,
   "intraSalvoCooldown_s": 7,
   "efficiency": 1,
   "flatChipping": 0.5,
   "magazine": 18,
   "ammoMass_kg": 1600,
   "fuelMass_kg": 1120,
   "systemMass_kg": 380,
   "warheadMass_kg": 100,
   "flatDamage_MJ": null,
   "warheadClass": "Fragmentation",
   "acceleration_g": 5.25,
   "EV_kps": 3.23,
   "deltaV_kps": 3.89,
   "thrustRamp_s": 3,
   "rotation_degps": 30,
   "turnRamp_s": 2,
   "maneuver_angle": 75,
   "bombardmentValue": 0,
   "targetingRange_km": 1000,
   "pivotRange_deg": 180,
   "weightedBuildMaterials": {
      "volatiles": 0.5,
      "metals": 0.5,
      "nobleMetals": null
   },
   "ammoMaterials": {
      "volatiles": 1.5,
      "metals": 0.09,
      "nobleMetals": 0.01,
      "fissiles": null,
      "antimatter": null,
      "exotics": ""
   },
   "iconResource": "shipbuildericons/ICO_RiverjackMissileBay",
   "modelResource": "shipweapons/missile_launcher",
   "shotModelResource": "spacecombat/AnacondaMissile",
   "impactVisualFXResource": "spaceCombat/TinyExplosion",
   "fireSoundFXResource": "event:/SFX/Game_SFX/Guns/trig_SFX_Missile_Launch",
   "impactSoundFXResource": "event:/SFX/Game_SFX/Guns/trig_SFX_Fragmentation_Missile_Detonates_Ship",
   "notes": ""
},
 {
   "dataName": "HarlequinMissileBay",
   "friendlyName": "Harlequin Missile Bay",
   "mount": "OneHull",
   "crew": 2,
   "requiredProjectName": "Project_HarlequinMissileBay",
   "attackMode": true,
   "defenseMode": false,
   "baseWeaponMass_tons": 5,
   "cooldown_s": 40,
   "salvo_shots": 3,
   "intraSalvoCooldown_s": 5,
   "efficiency": 1,
   "flatChipping": 0.6,
   "magazine": 16,
   "ammoMass_kg": 1200,
   "fuelMass_kg": 870,
   "systemMass_kg": 280,
   "warheadMass_kg": 50,
   "flatDamage_MJ": null,
   "warheadClass": "Penetrator",
   "acceleration_g": 5,
   "EV_kps": 3.23,
   "deltaV_kps": 4.17,
   "thrustRamp_s": 3,
   "rotation_degps": 20,
   "turnRamp_s": 2,
   "maneuver_angle": 45,
   "bombardmentValue": 0,
   "targetingRange_km": 1000,
   "pivotRange_deg": 180,
   "weightedBuildMaterials": {
      "volatiles": 0.5,
      "metals": 0.5,
      "nobleMetals": null
   },
   "ammoMaterials": {
      "volatiles": 1.15,
      "metals": 0.025,
      "nobleMetals": 0.025,
      "fissiles": null,
      "antimatter": null,
      "exotics": ""
   },
   "iconResource": "shipbuildericons/ICO_HarlequinMissileBay",
   "modelResource": "shipweapons/missile_launcher",
   "shotModelResource": "spacecombat/AnacondaMissile",
   "impactVisualFXResource": "spaceCombat/ImpactWhite",
   "fireSoundFXResource": "event:/SFX/Game_SFX/Guns/trig_SFX_Missile_Launch",
   "impactSoundFXResource": "event:/SFX/Game_SFX/Guns/trig_SFX_Penetrator_Missile_Strikes_Ship",
   "notes": ""
},
 {
   "dataName": "KeelbackMissileBay",
   "friendlyName": "Keelback Missile Bay",
   "mount": "OneHull",
   "crew": 2,
   "requiredProjectName": "Project_KeelbackMissileBay",
   "attackMode": true,
   "defenseMode": false,
   "baseWeaponMass_tons": 5,
   "cooldown_s": 50,
   "salvo_shots": 3,
   "intraSalvoCooldown_s": 5,
   "efficiency": 1,
   "flatChipping": 0.6,
   "magazine": 12,
   "ammoMass_kg": 1600,
   "fuelMass_kg": 1200,
   "systemMass_kg": 300,
   "warheadMass_kg": 100,
   "flatDamage_MJ": null,
   "warheadClass": "Penetrator",
   "acceleration_g": 3.5,
   "EV_kps": 3.23,
   "deltaV_kps": 4.48,
   "thrustRamp_s": 3,
   "rotation_degps": 20,
   "turnRamp_s": 2,
   "maneuver_angle": 45,
   "bombardmentValue": 0,
   "targetingRange_km": 1000,
   "pivotRange_deg": 180,
   "weightedBuildMaterials": {
      "volatiles": 0.5,
      "metals": 0.5,
      "nobleMetals": null
   },
   "ammoMaterials": {
      "volatiles": 1.5,
      "metals": 0.05,
      "nobleMetals": 0.05,
      "fissiles": null,
      "antimatter": null,
      "exotics": ""
   },
   "iconResource": "shipbuildericons/ICO_KeelbackMissileBay",
   "modelResource": "shipweapons/missile_launcher",
   "shotModelResource": "spacecombat/AnacondaMissile",
   "impactVisualFXResource": "spaceCombat/ImpactWhite",
   "fireSoundFXResource": "event:/SFX/Game_SFX/Guns/trig_SFX_Missile_Launch",
   "impactSoundFXResource": "event:/SFX/Game_SFX/Guns/trig_SFX_Penetrator_Missile_Strikes_Ship",
   "notes": ""
},
 {
   "dataName": "CopperheadMissileBay",
   "friendlyName": "Copperhead Missile Bay",
   "mount": "OneHull",
   "crew": 3,
   "requiredProjectName": "Project_CopperheadMissileBay",
   "attackMode": true,
   "defenseMode": false,
   "baseWeaponMass_tons": 15,
   "cooldown_s": 50,
   "salvo_shots": 2,
   "intraSalvoCooldown_s": 5,
   "efficiency": 1,
   "flatChipping": 0.8,
   "magazine": 10,
   "ammoMass_kg": 2400,
   "fuelMass_kg": 1750,
   "systemMass_kg": 500,
   "warheadMass_kg": 150,
   "flatDamage_MJ": 360,
   "warheadClass": "Explosive",
   "acceleration_g": 3.5,
   "EV_kps": 4.45,
   "deltaV_kps": 5.81,
   "thrustRamp_s": 3,
   "rotation_degps": 20,
   "turnRamp_s": 2,
   "maneuver_angle": 60,
   "bombardmentValue": 0,
   "targetingRange_km": 1000,
   "pivotRange_deg": 180,
   "weightedBuildMaterials": {
      "volatiles": 0.5,
      "metals": 0.5,
      "nobleMetals": null
   },
   "ammoMaterials": {
      "volatiles": 2.25,
      "metals": 0.15,
      "nobleMetals": null,
      "fissiles": null,
      "antimatter": null,
      "exotics": ""
   },
   "iconResource": "shipbuildericons/ICO_CopperheadMissileBay",
   "modelResource": "shipweapons/missile_launcher",
   "shotModelResource": "spacecombat/AnacondaMissile",
   "impactVisualFXResource": "spaceCombat/SmallExplosion",
   "fireSoundFXResource": "event:/SFX/Game_SFX/Guns/trig_SFX_Missile_Launch",
   "impactSoundFXResource": "event:/SFX/Game_SFX/Guns/trig_SFX_Explosive_Missile_Detonates_Ship",
   "notes": "Hydrolox Fuel"
},
 {
   "dataName": "ViperMissileBay",
   "friendlyName": "Viper Missile Bay",
   "mount": "OneHull",
   "crew": 2,
   "requiredProjectName": "Project_ViperMissileBay",
   "attackMode": true,
   "defenseMode": true,
   "baseWeaponMass_tons": 10,
   "cooldown_s": 50,
   "salvo_shots": 2,
   "intraSalvoCooldown_s": 5,
   "efficiency": 1,
   "flatChipping": 0.5,
   "magazine": 12,
   "ammoMass_kg": 2400,
   "fuelMass_kg": 1775,
   "systemMass_kg": 575,
   "warheadMass_kg": 50,
   "flatDamage_MJ": null,
   "warheadClass": "Fragmentation",
   "acceleration_g": 5.25,
   "EV_kps": 4.45,
   "deltaV_kps": 5.99,
   "thrustRamp_s": 3,
   "rotation_degps": 35,
   "turnRamp_s": 2,
   "maneuver_angle": 75,
   "bombardmentValue": 0,
   "targetingRange_km": 1000,
   "pivotRange_deg": 180,
   "weightedBuildMaterials": {
      "volatiles": 0.5,
      "metals": 0.5,
      "nobleMetals": null
   },
   "ammoMaterials": {
      "volatiles": 2.35,
      "metals": 0.045,
      "nobleMetals": 0.005,
      "fissiles": null,
      "antimatter": null,
      "exotics": ""
   },
   "iconResource": "shipbuildericons/ICO_ViperMissileBay",
   "modelResource": "shipweapons/missile_launcher",
   "shotModelResource": "spacecombat/AnacondaMissile",
   "impactVisualFXResource": "spaceCombat/TinyExplosion",
   "fireSoundFXResource": "event:/SFX/Game_SFX/Guns/trig_SFX_Missile_Launch",
   "impactSoundFXResource": "event:/SFX/Game_SFX/Guns/trig_SFX_Fragmentation_Missile_Detonates_Ship",
   "notes": ""
},
 {
   "dataName": "LanceheadMissileBay",
   "friendlyName": "Lancehead Missile Bay",
   "mount": "OneHull",
   "crew": 2,
   "requiredProjectName": "Project_LanceheadMissileBay",
   "attackMode": true,
   "defenseMode": false,
   "baseWeaponMass_tons": 10,
   "cooldown_s": 50,
   "salvo_shots": 2,
   "intraSalvoCooldown_s": 5,
   "efficiency": 1,
   "flatChipping": 0.6,
   "magazine": 10,
   "ammoMass_kg": 2400,
   "fuelMass_kg": 1700,
   "systemMass_kg": 500,
   "warheadMass_kg": 200,
   "flatDamage_MJ": null,
   "warheadClass": "Penetrator",
   "acceleration_g": 3.5,
   "EV_kps": 4.45,
   "deltaV_kps": 5.48,
   "thrustRamp_s": 3,
   "rotation_degps": 20,
   "turnRamp_s": 2,
   "maneuver_angle": 45,
   "bombardmentValue": 0,
   "targetingRange_km": 1000,
   "pivotRange_deg": 180,
   "weightedBuildMaterials": {
      "volatiles": 0.5,
      "metals": 0.5,
      "nobleMetals": null
   },
   "ammoMaterials": {
      "volatiles": 2.2,
      "metals": 0.15,
      "nobleMetals": 0.05,
      "fissiles": null,
      "antimatter": null,
      "exotics": ""
   },
   "iconResource": "shipbuildericons/ICO_LanceheadMissileBay",
   "modelResource": "shipweapons/missile_launcher",
   "shotModelResource": "spacecombat/AnacondaMissile",
   "impactVisualFXResource": "spaceCombat/ImpactWhite",
   "fireSoundFXResource": "event:/SFX/Game_SFX/Guns/trig_SFX_Missile_Launch",
   "impactSoundFXResource": "event:/SFX/Game_SFX/Guns/trig_SFX_Penetrator_Missile_Strikes_Ship",
   "notes": ""
},
 {
   "dataName": "HeraTorpedoBay",
   "friendlyName": "Hera Torpedo Bay",
   "mount": "OneHull",
   "crew": 3,
   "requiredProjectName": "Project_HeraTorpedoBay",
   "attackMode": true,
   "defenseMode": false,
   "baseWeaponMass_tons": 10,
   "cooldown_s": 40,
   "salvo_shots": null,
   "intraSalvoCooldown_s": null,
   "efficiency": 1,
   "flatChipping": 0.8,
   "magazine": 6,
   "ammoMass_kg": 4800,
   "fuelMass_kg": 4000,
   "systemMass_kg": 500,
   "warheadMass_kg": 300,
   "flatDamage_MJ": 540,
   "warheadClass": "Explosive",
   "acceleration_g": 2,
   "EV_kps": 3.23,
   "deltaV_kps": 5.79,
   "thrustRamp_s": 3,
   "rotation_degps": 15,
   "turnRamp_s": 2,
   "maneuver_angle": 40,
   "bombardmentValue": 0,
   "targetingRange_km": 1000,
   "pivotRange_deg": 180,
   "weightedBuildMaterials": {
      "volatiles": 0.5,
      "metals": 0.5,
      "nobleMetals": null
   },
   "ammoMaterials": {
      "volatiles": 0.85,
      "metals": 0.15,
      "nobleMetals": null,
      "fissiles": null,
      "antimatter": null,
      "exotics": ""
   },
   "iconResource": "shipbuildericons/ICO_HeraTorpedoBay",
   "modelResource": "shipweapons/torpedo_launcher",
   "shotModelResource": "spacecombat/HeraTorpedo",
   "impactVisualFXResource": "spaceCombat/BigExplosion",
   "fireSoundFXResource": "event:/SFX/Game_SFX/Guns/trig_SFX_Torpedo_Launch",
   "impactSoundFXResource": "event:/SFX/Game_SFX/Guns/trig_SFX_Explosive_Missile_Detonates_Ship",
   "notes": "Hypergolic"
},
 {
   "dataName": "HermesTorpedoBay",
   "friendlyName": "Hermes Torpedo Bay",
   "mount": "OneHull",
   "crew": 2,
   "requiredProjectName": "Project_HermesTorpedoBay",
   "attackMode": true,
   "defenseMode": false,
   "baseWeaponMass_tons": 5,
   "cooldown_s": 40,
   "salvo_shots": null,
   "intraSalvoCooldown_s": null,
   "efficiency": 1,
   "flatChipping": 0.6,
   "magazine": 6,
   "ammoMass_kg": 4800,
   "fuelMass_kg": 3550,
   "systemMass_kg": 500,
   "warheadMass_kg": 750,
   "flatDamage_MJ": null,
   "warheadClass": "Penetrator",
   "acceleration_g": 2,
   "EV_kps": 3.23,
   "deltaV_kps": 4.35,
   "thrustRamp_s": 3,
   "rotation_degps": 15,
   "turnRamp_s": 2,
   "maneuver_angle": 30,
   "bombardmentValue": 0,
   "targetingRange_km": 1000,
   "pivotRange_deg": 180,
   "weightedBuildMaterials": {
      "volatiles": 0.5,
      "metals": 0.5,
      "nobleMetals": null
   },
   "ammoMaterials": {
      "volatiles": 0.85,
      "metals": 0.075,
      "nobleMetals": 0.075,
      "fissiles": null,
      "antimatter": null,
      "exotics": ""
   },
   "iconResource": "shipbuildericons/ICO_HermesTorpedoBay",
   "modelResource": "shipweapons/torpedo_launcher",
   "shotModelResource": "spacecombat/HeraTorpedo",
   "impactVisualFXResource": "spaceCombat/ImpactWhite",
   "fireSoundFXResource": "event:/SFX/Game_SFX/Guns/trig_SFX_Torpedo_Launch",
   "impactSoundFXResource": "event:/SFX/Game_SFX/Guns/trig_SFX_Penetrator_Missile_Strikes_Ship",
   "notes": ""
},
 {
   "dataName": "ArtemisTorpedoBay",
   "friendlyName": "Artemis Torpedo Bay",
   "mount": "OneHull",
   "crew": 3,
   "requiredProjectName": "Project_ArtemisTorpedoBay",
   "attackMode": true,
   "defenseMode": false,
   "baseWeaponMass_tons": 15,
   "cooldown_s": 40,
   "salvo_shots": null,
   "intraSalvoCooldown_s": null,
   "efficiency": 1,
   "flatChipping": 0.8,
   "magazine": 6,
   "ammoMass_kg": 4800,
   "fuelMass_kg": 3950,
   "systemMass_kg": 450,
   "warheadMass_kg": 400,
   "flatDamage_MJ": 960,
   "warheadClass": "Explosive",
   "acceleration_g": 2.5,
   "EV_kps": 4.45,
   "deltaV_kps": 7.7,
   "thrustRamp_s": 3,
   "rotation_degps": 15,
   "turnRamp_s": 2,
   "maneuver_angle": 40,
   "bombardmentValue": 0,
   "targetingRange_km": 1000,
   "pivotRange_deg": 180,
   "weightedBuildMaterials": {
      "volatiles": 0.5,
      "metals": 0.5,
      "nobleMetals": null
   },
   "ammoMaterials": {
      "volatiles": 0.75,
      "metals": 0.25,
      "nobleMetals": null,
      "fissiles": null,
      "antimatter": null,
      "exotics": ""
   },
   "iconResource": "shipbuildericons/ICO_ArtemisTorpedoBay",
   "modelResource": "shipweapons/torpedo_launcher",
   "shotModelResource": "spacecombat/HeraTorpedo",
   "impactVisualFXResource": "spaceCombat/BigExplosion",
   "fireSoundFXResource": "event:/SFX/Game_SFX/Guns/trig_SFX_Torpedo_Launch",
   "impactSoundFXResource": "event:/SFX/Game_SFX/Guns/trig_SFX_Explosive_Missile_Detonates_Ship",
   "notes": "Hydrolox"
},
 {
   "dataName": "VulcanTorpedoBay",
   "friendlyName": "Vulcan Torpedo Bay",
   "mount": "OneHull",
   "crew": 2,
   "requiredProjectName": "Project_VulcanTorpedoBay",
   "attackMode": true,
   "defenseMode": false,
   "baseWeaponMass_tons": 10,
   "cooldown_s": 40,
   "salvo_shots": null,
   "intraSalvoCooldown_s": null,
   "efficiency": 1,
   "flatChipping": 0.6,
   "magazine": 6,
   "ammoMass_kg": 4800,
   "fuelMass_kg": 3500,
   "systemMass_kg": 450,
   "warheadMass_kg": 850,
   "flatDamage_MJ": null,
   "warheadClass": "Penetrator",
   "acceleration_g": 2.5,
   "EV_kps": 4.45,
   "deltaV_kps": 5.81,
   "thrustRamp_s": 3,
   "rotation_degps": 15,
   "turnRamp_s": 2,
   "maneuver_angle": 30,
   "bombardmentValue": 0,
   "targetingRange_km": 1000,
   "pivotRange_deg": 180,
   "weightedBuildMaterials": {
      "volatiles": 0.5,
      "metals": 0.5,
      "nobleMetals": null
   },
   "ammoMaterials": {
      "volatiles": 0.75,
      "metals": 0.125,
      "nobleMetals": 0.125,
      "fissiles": null,
      "antimatter": null,
      "exotics": ""
   },
   "iconResource": "shipbuildericons/ICO_VulcanTorpedoBay",
   "modelResource": "shipweapons/torpedo_launcher",
   "shotModelResource": "spacecombat/HeraTorpedo",
   "impactVisualFXResource": "spaceCombat/ImpactWhite",
   "fireSoundFXResource": "event:/SFX/Game_SFX/Guns/trig_SFX_Torpedo_Launch",
   "impactSoundFXResource": "event:/SFX/Game_SFX/Guns/trig_SFX_Penetrator_Missile_Strikes_Ship",
   "notes": ""
},
 {
   "dataName": "AthenaTorpedoBay",
   "friendlyName": "Athena Torpedo Bay",
   "mount": "OneHull",
   "crew": 3,
   "requiredProjectName": "Project_AthenaTorpedoBay",
   "attackMode": true,
   "defenseMode": false,
   "baseWeaponMass_tons": 15,
   "cooldown_s": 40,
   "salvo_shots": null,
   "intraSalvoCooldown_s": null,
   "efficiency": 1,
   "flatChipping": 0.8,
   "magazine": 6,
   "ammoMass_kg": 4800,
   "fuelMass_kg": 3450,
   "systemMass_kg": 750,
   "warheadMass_kg": 600,
   "flatDamage_MJ": 1800,
   "warheadClass": "Explosive",
   "acceleration_g": 3,
   "EV_kps": 8.72,
   "deltaV_kps": 11.06,
   "thrustRamp_s": 4,
   "rotation_degps": 15,
   "turnRamp_s": 2,
   "maneuver_angle": 40,
   "bombardmentValue": 0,
   "targetingRange_km": 1000,
   "pivotRange_deg": 180,
   "weightedBuildMaterials": {
      "volatiles": 0.5,
      "metals": 0.5,
      "nobleMetals": null
   },
   "ammoMaterials": {
      "volatiles": 0.75,
      "metals": 0.25,
      "nobleMetals": null,
      "fissiles": 0.01,
      "antimatter": null,
      "exotics": ""
   },
   "iconResource": "shipbuildericons/ICO_AthenaTorpedoBay",
   "modelResource": "shipweapons/torpedo_launcher",
   "shotModelResource": "spacecombat/HeraTorpedo",
   "impactVisualFXResource": "spaceCombat/BigExplosion",
   "fireSoundFXResource": "event:/SFX/Game_SFX/Guns/trig_SFX_Torpedo_Launch",
   "impactSoundFXResource": "event:/SFX/Game_SFX/Guns/trig_SFX_Explosive_Missile_Detonates_Ship",
   "notes": "Nuclear Thermal Rocket"
},
 {
   "dataName": "AresTorpedoBay",
   "friendlyName": "Ares Torpedo Bay",
   "mount": "OneHull",
   "crew": 2,
   "requiredProjectName": "Project_AresTorpedoBay",
   "attackMode": true,
   "defenseMode": false,
   "baseWeaponMass_tons": 10,
   "cooldown_s": 40,
   "salvo_shots": null,
   "intraSalvoCooldown_s": null,
   "efficiency": 1,
   "flatChipping": 0.6,
   "magazine": 6,
   "ammoMass_kg": 4800,
   "fuelMass_kg": 2850,
   "systemMass_kg": 750,
   "warheadMass_kg": 1200,
   "flatDamage_MJ": null,
   "warheadClass": "Penetrator",
   "acceleration_g": 3,
   "EV_kps": 8.72,
   "deltaV_kps": 7.86,
   "thrustRamp_s": 4,
   "rotation_degps": 15,
   "turnRamp_s": 2,
   "maneuver_angle": 30,
   "bombardmentValue": 0,
   "targetingRange_km": 1000,
   "pivotRange_deg": 180,
   "weightedBuildMaterials": {
      "volatiles": 0.5,
      "metals": 0.5,
      "nobleMetals": null
   },
   "ammoMaterials": {
      "volatiles": 0.8,
      "metals": 0.1,
      "nobleMetals": 0.1,
      "fissiles": 0.01,
      "antimatter": null,
      "exotics": ""
   },
   "iconResource": "shipbuildericons/ICO_AresTorpedoBay",
   "modelResource": "shipweapons/torpedo_launcher",
   "shotModelResource": "spacecombat/HeraTorpedo",
   "impactVisualFXResource": "spaceCombat/ImpactWhite",
   "fireSoundFXResource": "event:/SFX/Game_SFX/Guns/trig_SFX_Torpedo_Launch",
   "impactSoundFXResource": "event:/SFX/Game_SFX/Guns/trig_SFX_Penetrator_Missile_Strikes_Ship",
   "notes": ""
},
 {
   "dataName": "CerebrusNuclearTorpedoBay",
   "friendlyName": "Cerebrus Nuclear Torpedo Bay",
   "mount": "OneHull",
   "crew": 6,
   "requiredProjectName": "Project_CerebrusNuclearTorpedoBay",
   "attackMode": true,
   "defenseMode": false,
   "baseWeaponMass_tons": 25,
   "cooldown_s": 40,
   "salvo_shots": null,
   "intraSalvoCooldown_s": null,
   "efficiency": 1,
   "flatChipping": 1,
   "magazine": 5,
   "ammoMass_kg": 5400,
   "fuelMass_kg": 3000,
   "systemMass_kg": 1200,
   "warheadMass_kg": 1200,
   "flatDamage_MJ": 1129950000,
   "warheadClass": "Nuclear",
   "acceleration_g": 1.5,
   "EV_kps": 3.23,
   "deltaV_kps": 2.62,
   "thrustRamp_s": 4,
   "rotation_degps": 10,
   "turnRamp_s": 2,
   "maneuver_angle": 40,
   "bombardmentValue": 50,
   "targetingRange_km": 1000,
   "pivotRange_deg": 180,
   "weightedBuildMaterials": {
      "volatiles": 0.4,
      "metals": 0.4,
      "nobleMetals": 0.2
   },
   "ammoMaterials": {
      "volatiles": 0.7,
      "metals": 0.15,
      "nobleMetals": 0.15,
      "fissiles": 0.002,
      "antimatter": null,
      "exotics": ""
   },
   "iconResource": "shipbuildericons/ICO_CerebrusNuclearTorpedoBay",
   "modelResource": "shipweapons/torpedo_launcher",
   "shotModelResource": "spacecombat/HeraTorpedo",
   "impactVisualFXResource": "spaceCombat/SpaceNuke",
   "fireSoundFXResource": "event:/SFX/Game_SFX/Guns/trig_SFX_Torpedo_Launch",
   "impactSoundFXResource": "event:/SFX/Game_SFX/Guns/trig_SFX_Nuclear_Warhead_Detonates",
   "notes": "300 KT (B61)"
},
 {
   "dataName": "HadesNuclearTorpedoBay",
   "friendlyName": "Hades Nuclear Torpedo Bay",
   "mount": "OneHull",
   "crew": 6,
   "requiredProjectName": "Project_HadesNuclearTorpedoBay",
   "attackMode": true,
   "defenseMode": false,
   "baseWeaponMass_tons": 20,
   "cooldown_s": 40,
   "salvo_shots": null,
   "intraSalvoCooldown_s": null,
   "efficiency": 1,
   "flatChipping": 1,
   "magazine": 5,
   "ammoMass_kg": 5400,
   "fuelMass_kg": 3000,
   "systemMass_kg": 1200,
   "warheadMass_kg": 1200,
   "flatDamage_MJ": 2448225000,
   "warheadClass": "Nuclear",
   "acceleration_g": 2,
   "EV_kps": 4.45,
   "deltaV_kps": 3.61,
   "thrustRamp_s": 4,
   "rotation_degps": 10,
   "turnRamp_s": 2,
   "maneuver_angle": 40,
   "bombardmentValue": 100,
   "targetingRange_km": 1000,
   "pivotRange_deg": 180,
   "weightedBuildMaterials": {
      "volatiles": 0.4,
      "metals": 0.4,
      "nobleMetals": 0.2
   },
   "ammoMaterials": {
      "volatiles": 0.6,
      "metals": 0.2,
      "nobleMetals": 0.2,
      "fissiles": 0.0025,
      "antimatter": null,
      "exotics": ""
   },
   "iconResource": "shipbuildericons/ICO_HadesNuclearTorpedoBay",
   "modelResource": "shipweapons/torpedo_launcher",
   "shotModelResource": "spacecombat/HeraTorpedo",
   "impactVisualFXResource": "spaceCombat/SpaceNuke",
   "fireSoundFXResource": "event:/SFX/Game_SFX/Guns/trig_SFX_Torpedo_Launch",
   "impactSoundFXResource": "event:/SFX/Game_SFX/Guns/trig_SFX_Nuclear_Warhead_Detonates",
   "notes": "600 KT"
},
 {
   "dataName": "NemesisNuclearTorpedoBay",
   "friendlyName": "Nemesis Nuclear Torpedo Bay",
   "mount": "OneHull",
   "crew": 6,
   "requiredProjectName": "Project_NemesisNuclearTorpedoBay",
   "attackMode": true,
   "defenseMode": false,
   "baseWeaponMass_tons": 20,
   "cooldown_s": 40,
   "salvo_shots": null,
   "intraSalvoCooldown_s": null,
   "efficiency": 1,
   "flatChipping": 1,
   "magazine": 5,
   "ammoMass_kg": 5400,
   "fuelMass_kg": 2400,
   "systemMass_kg": 1200,
   "warheadMass_kg": 1800,
   "flatDamage_MJ": 4519800000,
   "warheadClass": "Nuclear",
   "acceleration_g": 2.5,
   "EV_kps": 8.72,
   "deltaV_kps": 5.13,
   "thrustRamp_s": 5,
   "rotation_degps": 10,
   "turnRamp_s": 2,
   "maneuver_angle": 40,
   "bombardmentValue": 500,
   "targetingRange_km": 1000,
   "pivotRange_deg": 180,
   "weightedBuildMaterials": {
      "volatiles": 0.4,
      "metals": 0.4,
      "nobleMetals": 0.2
   },
   "ammoMaterials": {
      "volatiles": 0.45,
      "metals": 0.275,
      "nobleMetals": 0.275,
      "fissiles": 0.01,
      "antimatter": null,
      "exotics": ""
   },
   "iconResource": "shipbuildericons/ICO_NemesisNuclearTorpedoBay",
   "modelResource": "shipweapons/torpedo_launcher",
   "shotModelResource": "spacecombat/HeraTorpedo",
   "impactVisualFXResource": "spaceCombat/SpaceNuke",
   "fireSoundFXResource": "event:/SFX/Game_SFX/Guns/trig_SFX_Torpedo_Launch",
   "impactSoundFXResource": "event:/SFX/Game_SFX/Guns/trig_SFX_Nuclear_Warhead_Detonates",
   "notes": "1.2 KT"
},
 {
   "dataName": "OlympusNuclearTorpedoBay",
   "friendlyName": "Olympus Nuclear Torpedo Bay",
   "mount": "OneHull",
   "crew": 6,
   "requiredProjectName": "Project_OlympusNuclearTorpedoBay",
   "attackMode": true,
   "defenseMode": false,
   "baseWeaponMass_tons": 20,
   "cooldown_s": 40,
   "salvo_shots": null,
   "intraSalvoCooldown_s": null,
   "efficiency": 1,
   "flatChipping": 1,
   "magazine": 5,
   "ammoMass_kg": 5400,
   "fuelMass_kg": 2400,
   "systemMass_kg": 1800,
   "warheadMass_kg": 1200,
   "flatDamage_MJ": 3766500000,
   "warheadClass": "ShapedNuclear",
   "acceleration_g": 2.5,
   "EV_kps": 8.72,
   "deltaV_kps": 5.13,
   "thrustRamp_s": 5,
   "rotation_degps": 10,
   "turnRamp_s": 2,
   "maneuver_angle": 40,
   "bombardmentValue": 500,
   "targetingRange_km": 1000,
   "pivotRange_deg": 180,
   "weightedBuildMaterials": {
      "volatiles": 0.4,
      "metals": 0.4,
      "nobleMetals": 0.2
   },
   "ammoMaterials": {
      "volatiles": 0.7,
      "metals": 0.15,
      "nobleMetals": 0.15,
      "fissiles": 0.02,
      "antimatter": null,
      "exotics": ""
   },
   "iconResource": "shipbuildericons/ICO_OlympusNuclearTorpedoBay",
   "modelResource": "shipweapons/torpedo_launcher",
   "shotModelResource": "spacecombat/HeraTorpedo",
   "impactVisualFXResource": "spaceCombat/SpaceNuke",
   "fireSoundFXResource": "event:/SFX/Game_SFX/Guns/trig_SFX_Torpedo_Launch",
   "impactSoundFXResource": "event:/SFX/Game_SFX/Guns/trig_SFX_Nuclear_Warhead_Detonates",
   "notes": "1 MT shaped"
},
 {
   "dataName": "AntimatterTorpedoLauncher",
   "friendlyName": "Antimatter Torpedo Launcher",
   "mount": "TwoHullHoriz",
   "crew": 6,
   "requiredProjectName": "Project_AntimatterTorpedoLauncher",
   "attackMode": true,
   "defenseMode": false,
   "baseWeaponMass_tons": 50,
   "cooldown_s": 40,
   "salvo_shots": null,
   "intraSalvoCooldown_s": null,
   "efficiency": 1,
   "flatChipping": 0.25,
   "magazine": 5,
   "ammoMass_kg": 5400,
   "fuelMass_kg": 2499.5,
   "systemMass_kg": 2900,
   "warheadMass_kg": 0.5,
   "flatDamage_MJ": 22470010000,
   "warheadClass": "Antimatter",
   "acceleration_g": 2.5,
   "EV_kps": 8.72,
   "deltaV_kps": 5.42,
   "thrustRamp_s": 5,
   "rotation_degps": 15,
   "turnRamp_s": 2,
   "maneuver_angle": 40,
   "bombardmentValue": 1000,
   "targetingRange_km": 1000,
   "pivotRange_deg": 180,
   "weightedBuildMaterials": {
      "volatiles": 0.4,
      "metals": 0.4,
      "nobleMetals": 0.2
   },
   "ammoMaterials": {
      "volatiles": 0.65,
      "metals": 0.15,
      "nobleMetals": 0.2,
      "fissiles": 0.01,
      "antimatter": 0.000025,
      "exotics": ""
   },
   "iconResource": "shipbuildericons/ICO_AntimatterTorpedoLauncher",
   "modelResource": "shipweapons/torpedo_launcher",
   "shotModelResource": "spacecombat/HeraTorpedo",
   "impactVisualFXResource": "spaceCombat/SpaceNuke",
   "fireSoundFXResource": "event:/SFX/Game_SFX/Guns/trig_SFX_Torpedo_Launch",
   "impactSoundFXResource": "event:/SFX/Game_SFX/Guns/trig_SFX_Antimatter_Warhead_Detonates",
   "notes": "250 grams of antimatter"
},
 {
   "dataName": "GlitteringJewelMissileBay",
   "friendlyName": "Glittering Jewel Missile Bay",
   "mount": "OneHull",
   "crew": 1,
   "requiredProjectName": "Project_AlienMasterProject",
   "attackMode": true,
   "defenseMode": false,
   "baseWeaponMass_tons": 3,
   "cooldown_s": 36,
   "salvo_shots": 3,
   "intraSalvoCooldown_s": 3,
   "efficiency": 1,
   "flatChipping": 0.6,
   "magazine": 16,
   "ammoMass_kg": 1280,
   "fuelMass_kg": 1024,
   "systemMass_kg": 128,
   "warheadMass_kg": 128,
   "flatDamage_MJ": null,
   "warheadClass": "Penetrator",
   "acceleration_g": 6.4,
   "EV_kps": 4.45,
   "deltaV_kps": 7.16,
   "thrustRamp_s": 3,
   "rotation_degps": 32,
   "turnRamp_s": 2,
   "maneuver_angle": 45,
   "bombardmentValue": 0,
   "targetingRange_km": 1000,
   "pivotRange_deg": 180,
   "weightedBuildMaterials": {
      "volatiles": 0.5,
      "metals": 0.5,
      "nobleMetals": null
   },
   "ammoMaterials": {
      "volatiles": 0.7,
      "metals": 0.15,
      "nobleMetals": 0.15,
      "fissiles": null,
      "antimatter": null,
      "exotics": ""
   },
   "iconResource": "shipbuildericons/ICO_GlitteringJewelMissileBay",
   "modelResource": "shipweapons/alien_missile_launcher",
   "shotModelResource": "spacecombat/GlitteringJewelMissile",
   "impactVisualFXResource": "spaceCombat/SmallExplosion",
   "fireSoundFXResource": "event:/SFX/Game_SFX/Guns/trig_SFX_Alien_Missile_Launch",
   "impactSoundFXResource": "event:/SFX/Game_SFX/Guns/trig_SFX_Penetrator_Missile_Strikes_Ship",
   "notes": ""
},
 {
   "dataName": "IridescentStarTorpedoBay",
   "friendlyName": "Iridescent Star Torpedo Bay",
   "mount": "OneHull",
   "crew": 1,
   "requiredProjectName": "Project_AlienMasterProject",
   "attackMode": true,
   "defenseMode": false,
   "baseWeaponMass_tons": 10,
   "cooldown_s": 36,
   "salvo_shots": null,
   "intraSalvoCooldown_s": null,
   "efficiency": 1,
   "flatChipping": 0.8,
   "magazine": 8,
   "ammoMass_kg": 2560,
   "fuelMass_kg": 2048,
   "systemMass_kg": 256,
   "warheadMass_kg": 256,
   "flatDamage_MJ": null,
   "warheadClass": "Penetrator",
   "acceleration_g": 3.2,
   "EV_kps": 8.72,
   "deltaV_kps": 14.03,
   "thrustRamp_s": 3,
   "rotation_degps": 24,
   "turnRamp_s": 2,
   "maneuver_angle": 40,
   "bombardmentValue": 0,
   "targetingRange_km": 1000,
   "pivotRange_deg": 180,
   "weightedBuildMaterials": {
      "volatiles": 0.5,
      "metals": 0.5,
      "nobleMetals": null
   },
   "ammoMaterials": {
      "volatiles": 0.85,
      "metals": 0.1,
      "nobleMetals": 0.05,
      "fissiles": null,
      "antimatter": null,
      "exotics": ""
   },
   "iconResource": "shipbuildericons/ICO_IridescentStarTorpedoBay",
   "modelResource": "shipweapons/alien_torpedo_launcher",
   "shotModelResource": "spaceCombat/IridescentStarTorpedo",
   "impactVisualFXResource": "spaceCombat/BigExplosion",
   "fireSoundFXResource": "event:/SFX/Game_SFX/Guns/trig_SFX_Alien_Torpedo_Launch",
   "impactSoundFXResource": "event:/SFX/Game_SFX/Guns/trig_SFX_Penetrator_Missile_Strikes_Ship",
   "notes": ""
}
]