[
 {
   "dataName": "SunMercuryL1",
   "lagrangeValue": "L1",
   "relatedObject": "Mercury",
   "effectToExplore": "Effect_ExploreInnerPlanets",
   "positionCalculator": {
      "$type": "L1Position"
   },
   "symbolTexture": "icons_2d/OrbitalIcons_1"
},
 {
   "dataName": "SunMercuryL2",
   "lagrangeValue": "L2",
   "relatedObject": "Mercury",
   "effectToExplore": "Effect_ExploreInnerPlanets",
   "positionCalculator": {
      "$type": "L2Position"
   },
   "symbolTexture": "icons_2d/OrbitalIcons_2"
},
 {
   "dataName": "SunMercuryL3",
   "lagrangeValue": "L3",
   "relatedObject": "Mercury",
   "effectToExplore": "Effect_ExploreInnerPlanets",
   "positionCalculator": {
      "$type": "L3Position"
   },
   "symbolTexture": "icons_2d/OrbitalIcons_3t"
},
 {
   "dataName": "SunMercuryL4",
   "lagrangeValue": "L4",
   "relatedObject": "Mercury",
   "effectToExplore": "Effect_ExploreInnerPlanets",
   "positionCalculator": {
      "$type": "L4Position"
   },
   "symbolTexture": "icons_2d/OrbitalIcons_4d"
},
 {
   "dataName": "SunMercuryL5",
   "lagrangeValue": "L5",
   "relatedObject": "Mercury",
   "effectToExplore": "Effect_ExploreInnerPlanets",
   "positionCalculator": {
      "$type": "L5Position"
   },
   "symbolTexture": "icons_2d/OrbitalIcons_5"
},
 {
   "dataName": "SunVenusL1",
   "lagrangeValue": "L1",
   "relatedObject": "Venus",
   "effectToExplore": "Effect_ExploreInnerPlanets",
   "positionCalculator": {
      "$type": "L1Position"
   },
   "symbolTexture": "icons_2d/OrbitalIcons_1"
},
 {
   "dataName": "SunVenusL2",
   "lagrangeValue": "L2",
   "relatedObject": "Venus",
   "effectToExplore": "Effect_ExploreInnerPlanets",
   "positionCalculator": {
      "$type": "L2Position"
   },
   "symbolTexture": "icons_2d/OrbitalIcons_2"
},
 {
   "dataName": "SunVenusL3",
   "lagrangeValue": "L3",
   "relatedObject": "Venus",
   "effectToExplore": "Effect_ExploreInnerPlanets",
   "positionCalculator": {
      "$type": "L3Position"
   },
   "symbolTexture": "icons_2d/OrbitalIcons_3t"
},
 {
   "dataName": "SunVenusL4",
   "lagrangeValue": "L4",
   "relatedObject": "Venus",
   "effectToExplore": "Effect_ExploreInnerPlanets",
   "positionCalculator": {
      "$type": "L4Position"
   },
   "symbolTexture": "icons_2d/OrbitalIcons_4d"
},
 {
   "dataName": "SunVenusL5",
   "lagrangeValue": "L5",
   "relatedObject": "Venus",
   "effectToExplore": "Effect_ExploreInnerPlanets",
   "positionCalculator": {
      "$type": "L5Position"
   },
   "symbolTexture": "icons_2d/OrbitalIcons_5"
},
 {
   "dataName": "SunEarthL1",
   "lagrangeValue": "L1",
   "relatedObject": "Earth",
   "effectToExplore": "Effect_ExploreEarthLagrangePoints",
   "positionCalculator": {
      "$type": "L1Position"
   },
   "symbolTexture": "icons_2d/OrbitalIcons_1"
},
 {
   "dataName": "SunEarthL2",
   "lagrangeValue": "L2",
   "relatedObject": "Earth",
   "effectToExplore": "Effect_ExploreEarthLagrangePoints",
   "positionCalculator": {
      "$type": "L2Position"
   },
   "symbolTexture": "icons_2d/OrbitalIcons_2"
},
 {
   "dataName": "SunEarthL3",
   "lagrangeValue": "L3",
   "relatedObject": "Earth",
   "effectToExplore": "Effect_ExploreEarthLagrangePoints",
   "positionCalculator": {
      "$type": "L3Position"
   },
   "symbolTexture": "icons_2d/OrbitalIcons_3t"
},
 {
   "dataName": "SunEarthL4",
   "lagrangeValue": "L4",
   "relatedObject": "Earth",
   "effectToExplore": "Effect_ExploreEarthLagrangePoints",
   "positionCalculator": {
      "$type": "L4Position"
   },
   "symbolTexture": "icons_2d/OrbitalIcons_4d"
},
 {
   "dataName": "SunEarthL5",
   "lagrangeValue": "L5",
   "relatedObject": "Earth",
   "effectToExplore": "Effect_ExploreEarthLagrangePoints",
   "positionCalculator": {
      "$type": "L5Position"
   },
   "symbolTexture": "icons_2d/OrbitalIcons_5"
},
 {
   "dataName": "EarthLunaL1",
   "lagrangeValue": "L1",
   "relatedObject": "Luna",
   "effectToExplore": "Effect_ExploreLuna",
   "positionCalculator": {
      "$type": "L1Position"
   },
   "symbolTexture": "icons_2d/OrbitalIcons_1"
},
 {
   "dataName": "EarthLunaL2",
   "lagrangeValue": "L2",
   "relatedObject": "Luna",
   "effectToExplore": "Effect_ExploreLuna",
   "positionCalculator": {
      "$type": "L2Position"
   },
   "symbolTexture": "icons_2d/OrbitalIcons_2"
},
 {
   "dataName": "EarthLunaL3",
   "lagrangeValue": "L3",
   "relatedObject": "Luna",
   "effectToExplore": "Effect_ExploreLuna",
   "positionCalculator": {
      "$type": "L3Position"
   },
   "symbolTexture": "icons_2d/OrbitalIcons_3t"
},
 {
   "dataName": "EarthLunaL4",
   "lagrangeValue": "L4",
   "relatedObject": "Luna",
   "effectToExplore": "Effect_ExploreLuna",
   "positionCalculator": {
      "$type": "L4Position"
   },
   "symbolTexture": "icons_2d/OrbitalIcons_4d"
},
 {
   "dataName": "EarthLunaL5",
   "lagrangeValue": "L5",
   "relatedObject": "Luna",
   "effectToExplore": "Effect_ExploreLuna",
   "positionCalculator": {
      "$type": "L5Position"
   },
   "symbolTexture": "icons_2d/OrbitalIcons_5"
},
 {
   "dataName": "SunMarsL1",
   "lagrangeValue": "L1",
   "relatedObject": "Mars",
   "effectToExplore": "Effect_ExploreMars",
   "positionCalculator": {
      "$type": "L1Position"
   },
   "symbolTexture": "icons_2d/OrbitalIcons_1"
},
 {
   "dataName": "SunMarsL2",
   "lagrangeValue": "L2",
   "relatedObject": "Mars",
   "effectToExplore": "Effect_ExploreMars",
   "positionCalculator": {
      "$type": "L2Position"
   },
   "symbolTexture": "icons_2d/OrbitalIcons_2"
},
 {
   "dataName": "SunMarsL3",
   "lagrangeValue": "L3",
   "relatedObject": "Mars",
   "effectToExplore": "Effect_ExploreMars",
   "positionCalculator": {
      "$type": "L3Position"
   },
   "symbolTexture": "icons_2d/OrbitalIcons_3t"
},
 {
   "dataName": "SunMarsL4",
   "lagrangeValue": "L4",
   "relatedObject": "Mars",
   "effectToExplore": "Effect_ExploreMars",
   "positionCalculator": {
      "$type": "L4Position"
   },
   "symbolTexture": "icons_2d/OrbitalIcons_4d"
},
 {
   "dataName": "SunMarsL5",
   "lagrangeValue": "L5",
   "relatedObject": "Mars",
   "effectToExplore": "Effect_ExploreMars",
   "positionCalculator": {
      "$type": "L5Position"
   },
   "symbolTexture": "icons_2d/OrbitalIcons_5"
},
 {
   "dataName": "SunJupiterL1",
   "lagrangeValue": "L1",
   "relatedObject": "Jupiter",
   "effectToExplore": "Effect_ExploreJupiter",
   "positionCalculator": {
      "$type": "L1Position"
   },
   "symbolTexture": "icons_2d/OrbitalIcons_1"
},
 {
   "dataName": "SunJupiterL2",
   "lagrangeValue": "L2",
   "relatedObject": "Jupiter",
   "effectToExplore": "Effect_ExploreJupiter",
   "positionCalculator": {
      "$type": "L2Position"
   },
   "symbolTexture": "icons_2d/OrbitalIcons_2"
},
 {
   "dataName": "SunJupiterL3",
   "lagrangeValue": "L3",
   "relatedObject": "Jupiter",
   "effectToExplore": "Effect_ExploreJupiter",
   "positionCalculator": {
      "$type": "L3Position"
   },
   "symbolTexture": "icons_2d/OrbitalIcons_3t"
},
 {
   "dataName": "SunJupiterL4",
   "lagrangeValue": "L4",
   "relatedObject": "Jupiter",
   "effectToExplore": "Effect_ExploreJupiter",
   "positionCalculator": {
      "$type": "L4Position"
   },
   "symbolTexture": "icons_2d/OrbitalIcons_4d"
},
 {
   "dataName": "SunJupiterL5",
   "lagrangeValue": "L5",
   "relatedObject": "Jupiter",
   "effectToExplore": "Effect_ExploreJupiter",
   "positionCalculator": {
      "$type": "L5Position"
   },
   "symbolTexture": "icons_2d/OrbitalIcons_5"
},
 {
   "dataName": "SunSaturnL1",
   "lagrangeValue": "L1",
   "relatedObject": "Saturn",
   "effectToExplore": "Effect_ExploreSaturn",
   "positionCalculator": {
      "$type": "L1Position"
   },
   "symbolTexture": "icons_2d/OrbitalIcons_1"
},
 {
   "dataName": "SunSaturnL2",
   "lagrangeValue": "L2",
   "relatedObject": "Saturn",
   "effectToExplore": "Effect_ExploreSaturn",
   "positionCalculator": {
      "$type": "L2Position"
   },
   "symbolTexture": "icons_2d/OrbitalIcons_2"
},
 {
   "dataName": "SunSaturnL3",
   "lagrangeValue": "L3",
   "relatedObject": "Saturn",
   "effectToExplore": "Effect_ExploreSaturn",
   "positionCalculator": {
      "$type": "L3Position"
   },
   "symbolTexture": "icons_2d/OrbitalIcons_3t"
},
 {
   "dataName": "SunSaturnL4",
   "lagrangeValue": "L4",
   "relatedObject": "Saturn",
   "effectToExplore": "Effect_ExploreSaturn",
   "positionCalculator": {
      "$type": "L4Position"
   },
   "symbolTexture": "icons_2d/OrbitalIcons_4d"
},
 {
   "dataName": "SunSaturnL5",
   "lagrangeValue": "L5",
   "relatedObject": "Saturn",
   "effectToExplore": "Effect_ExploreSaturn",
   "positionCalculator": {
      "$type": "L5Position"
   },
   "symbolTexture": "icons_2d/OrbitalIcons_5"
},
 {
   "dataName": "SunUranusL1",
   "lagrangeValue": "L1",
   "relatedObject": "Uranus",
   "effectToExplore": "Effect_ExploreOuterPlanets",
   "positionCalculator": {
      "$type": "L1Position"
   },
   "symbolTexture": "icons_2d/OrbitalIcons_1"
},
 {
   "dataName": "SunUranusL2",
   "lagrangeValue": "L2",
   "relatedObject": "Uranus",
   "effectToExplore": "Effect_ExploreOuterPlanets",
   "positionCalculator": {
      "$type": "L2Position"
   },
   "symbolTexture": "icons_2d/OrbitalIcons_2"
},
 {
   "dataName": "SunUranusL3",
   "lagrangeValue": "L3",
   "relatedObject": "Uranus",
   "effectToExplore": "Effect_ExploreOuterPlanets",
   "positionCalculator": {
      "$type": "L3Position"
   },
   "symbolTexture": "icons_2d/OrbitalIcons_3t"
},
 {
   "dataName": "SunUranusL4",
   "lagrangeValue": "L4",
   "relatedObject": "Uranus",
   "effectToExplore": "Effect_ExploreOuterPlanets",
   "positionCalculator": {
      "$type": "L4Position"
   },
   "symbolTexture": "icons_2d/OrbitalIcons_4d"
},
 {
   "dataName": "SunUranusL5",
   "lagrangeValue": "L5",
   "relatedObject": "Uranus",
   "effectToExplore": "Effect_ExploreOuterPlanets",
   "positionCalculator": {
      "$type": "L5Position"
   },
   "symbolTexture": "icons_2d/OrbitalIcons_5"
},
 {
   "dataName": "SunNeptuneL1",
   "lagrangeValue": "L1",
   "relatedObject": "Neptune",
   "effectToExplore": "Effect_ExploreOuterPlanets",
   "positionCalculator": {
      "$type": "L1Position"
   },
   "symbolTexture": "icons_2d/OrbitalIcons_1"
},
 {
   "dataName": "SunNeptuneL2",
   "lagrangeValue": "L2",
   "relatedObject": "Neptune",
   "effectToExplore": "Effect_ExploreOuterPlanets",
   "positionCalculator": {
      "$type": "L2Position"
   },
   "symbolTexture": "icons_2d/OrbitalIcons_2"
},
 {
   "dataName": "SunNeptuneL3",
   "lagrangeValue": "L3",
   "relatedObject": "Neptune",
   "effectToExplore": "Effect_ExploreOuterPlanets",
   "positionCalculator": {
      "$type": "L3Position"
   },
   "symbolTexture": "icons_2d/OrbitalIcons_3t"
},
 {
   "dataName": "SunNeptuneL4",
   "lagrangeValue": "L4",
   "relatedObject": "Neptune",
   "effectToExplore": "Effect_ExploreOuterPlanets",
   "positionCalculator": {
      "$type": "L4Position"
   },
   "symbolTexture": "icons_2d/OrbitalIcons_4d"
},
 {
   "dataName": "SunNeptuneL5",
   "lagrangeValue": "L5",
   "relatedObject": "Neptune",
   "effectToExplore": "Effect_ExploreOuterPlanets",
   "positionCalculator": {
      "$type": "L5Position"
   },
   "symbolTexture": "icons_2d/OrbitalIcons_5"
},
 {
   "dataName": "JupiterIoL1",
   "lagrangeValue": "L1",
   "relatedObject": "Io",
   "effectToExplore": "Effect_ExploreJupiter",
   "positionCalculator": {
      "$type": "L1Position"
   },
   "symbolTexture": "icons_2d/OrbitalIcons_1"
},
 {
   "dataName": "JupiterIoL2",
   "lagrangeValue": "L2",
   "relatedObject": "Io",
   "effectToExplore": "Effect_ExploreJupiter",
   "positionCalculator": {
      "$type": "L2Position"
   },
   "symbolTexture": "icons_2d/OrbitalIcons_2"
},
 {
   "dataName": "JupiterIoL3",
   "lagrangeValue": "L3",
   "relatedObject": "Io",
   "effectToExplore": "Effect_ExploreJupiter",
   "positionCalculator": {
      "$type": "L3Position"
   },
   "symbolTexture": "icons_2d/OrbitalIcons_3t"
},
 {
   "dataName": "JupiterIoL4",
   "lagrangeValue": "L4",
   "relatedObject": "Io",
   "effectToExplore": "Effect_ExploreJupiter",
   "positionCalculator": {
      "$type": "L4Position"
   },
   "symbolTexture": "icons_2d/OrbitalIcons_4d"
},
 {
   "dataName": "JupiterIoL5",
   "lagrangeValue": "L5",
   "relatedObject": "Io",
   "effectToExplore": "Effect_ExploreJupiter",
   "positionCalculator": {
      "$type": "L5Position"
   },
   "symbolTexture": "icons_2d/OrbitalIcons_5"
},
 {
   "dataName": "JupiterEuropaL1",
   "lagrangeValue": "L1",
   "relatedObject": "Europa",
   "effectToExplore": "Effect_ExploreJupiter",
   "positionCalculator": {
      "$type": "L1Position"
   },
   "symbolTexture": "icons_2d/OrbitalIcons_1"
},
 {
   "dataName": "JupiterEuropaL2",
   "lagrangeValue": "L2",
   "relatedObject": "Europa",
   "effectToExplore": "Effect_ExploreJupiter",
   "positionCalculator": {
      "$type": "L2Position"
   },
   "symbolTexture": "icons_2d/OrbitalIcons_2"
},
 {
   "dataName": "JupiterEuropaL3",
   "lagrangeValue": "L3",
   "relatedObject": "Europa",
   "effectToExplore": "Effect_ExploreJupiter",
   "positionCalculator": {
      "$type": "L3Position"
   },
   "symbolTexture": "icons_2d/OrbitalIcons_3t"
},
 {
   "dataName": "JupiterEuropaL4",
   "lagrangeValue": "L4",
   "relatedObject": "Europa",
   "effectToExplore": "Effect_ExploreJupiter",
   "positionCalculator": {
      "$type": "L4Position"
   },
   "symbolTexture": "icons_2d/OrbitalIcons_4d"
},
 {
   "dataName": "JupiterEuropaL5",
   "lagrangeValue": "L5",
   "relatedObject": "Europa",
   "effectToExplore": "Effect_ExploreJupiter",
   "positionCalculator": {
      "$type": "L5Position"
   },
   "symbolTexture": "icons_2d/OrbitalIcons_5"
},
 {
   "dataName": "JupiterGanymedeL1",
   "lagrangeValue": "L1",
   "relatedObject": "Ganymede",
   "effectToExplore": "Effect_ExploreJupiter",
   "positionCalculator": {
      "$type": "L1Position"
   },
   "symbolTexture": "icons_2d/OrbitalIcons_1"
},
 {
   "dataName": "JupiterGanymedeL2",
   "lagrangeValue": "L2",
   "relatedObject": "Ganymede",
   "effectToExplore": "Effect_ExploreJupiter",
   "positionCalculator": {
      "$type": "L2Position"
   },
   "symbolTexture": "icons_2d/OrbitalIcons_2"
},
 {
   "dataName": "JupiterGanymedeL3",
   "lagrangeValue": "L3",
   "relatedObject": "Ganymede",
   "effectToExplore": "Effect_ExploreJupiter",
   "positionCalculator": {
      "$type": "L3Position"
   },
   "symbolTexture": "icons_2d/OrbitalIcons_3t"
},
 {
   "dataName": "JupiterGanymedeL4",
   "lagrangeValue": "L4",
   "relatedObject": "Ganymede",
   "effectToExplore": "Effect_ExploreJupiter",
   "positionCalculator": {
      "$type": "L4Position"
   },
   "symbolTexture": "icons_2d/OrbitalIcons_4d"
},
 {
   "dataName": "JupiterGanymedeL5",
   "lagrangeValue": "L5",
   "relatedObject": "Ganymede",
   "effectToExplore": "Effect_ExploreJupiter",
   "positionCalculator": {
      "$type": "L5Position"
   },
   "symbolTexture": "icons_2d/OrbitalIcons_5"
},
 {
   "dataName": "JupiterCallistoL1",
   "lagrangeValue": "L1",
   "relatedObject": "Callisto",
   "effectToExplore": "Effect_ExploreJupiter",
   "positionCalculator": {
      "$type": "L1Position"
   },
   "symbolTexture": "icons_2d/OrbitalIcons_1"
},
 {
   "dataName": "JupiterCallistoL2",
   "lagrangeValue": "L2",
   "relatedObject": "Callisto",
   "effectToExplore": "Effect_ExploreJupiter",
   "positionCalculator": {
      "$type": "L2Position"
   },
   "symbolTexture": "icons_2d/OrbitalIcons_2"
},
 {
   "dataName": "JupiterCallistoL3",
   "lagrangeValue": "L3",
   "relatedObject": "Callisto",
   "effectToExplore": "Effect_ExploreJupiter",
   "positionCalculator": {
      "$type": "L3Position"
   },
   "symbolTexture": "icons_2d/OrbitalIcons_3t"
},
 {
   "dataName": "JupiterCallistoL4",
   "lagrangeValue": "L4",
   "relatedObject": "Callisto",
   "effectToExplore": "Effect_ExploreJupiter",
   "positionCalculator": {
      "$type": "L4Position"
   },
   "symbolTexture": "icons_2d/OrbitalIcons_4d"
},
 {
   "dataName": "JupiterCallistoL5",
   "lagrangeValue": "L5",
   "relatedObject": "Callisto",
   "effectToExplore": "Effect_ExploreJupiter",
   "positionCalculator": {
      "$type": "L5Position"
   },
   "symbolTexture": "icons_2d/OrbitalIcons_5"
},
 {
   "dataName": "SaturnEnceladusL1",
   "lagrangeValue": "L1",
   "relatedObject": "Enceladus",
   "effectToExplore": "Effect_ExploreSaturn",
   "positionCalculator": {
      "$type": "L1Position"
   },
   "symbolTexture": "icons_2d/OrbitalIcons_1"
},
 {
   "dataName": "SaturnEnceladusL2",
   "lagrangeValue": "L2",
   "relatedObject": "Enceladus",
   "effectToExplore": "Effect_ExploreSaturn",
   "positionCalculator": {
      "$type": "L2Position"
   },
   "symbolTexture": "icons_2d/OrbitalIcons_2"
},
 {
   "dataName": "SaturnEnceladusL3",
   "lagrangeValue": "L3",
   "relatedObject": "Enceladus",
   "effectToExplore": "Effect_ExploreSaturn",
   "positionCalculator": {
      "$type": "L3Position"
   },
   "symbolTexture": "icons_2d/OrbitalIcons_3t"
},
 {
   "dataName": "SaturnEnceladusL4",
   "lagrangeValue": "L4",
   "relatedObject": "Enceladus",
   "effectToExplore": "Effect_ExploreSaturn",
   "positionCalculator": {
      "$type": "L4Position"
   },
   "symbolTexture": "icons_2d/OrbitalIcons_4d"
},
 {
   "dataName": "SaturnEnceladusL5",
   "lagrangeValue": "L5",
   "relatedObject": "Enceladus",
   "effectToExplore": "Effect_ExploreSaturn",
   "positionCalculator": {
      "$type": "L5Position"
   },
   "symbolTexture": "icons_2d/OrbitalIcons_5"
},
 {
   "dataName": "SaturnTethysL1",
   "lagrangeValue": "L1",
   "relatedObject": "Tethys",
   "effectToExplore": "Effect_ExploreSaturn",
   "positionCalculator": {
      "$type": "L1Position"
   },
   "symbolTexture": "icons_2d/OrbitalIcons_1"
},
 {
   "dataName": "SaturnTethysL2",
   "lagrangeValue": "L2",
   "relatedObject": "Tethys",
   "effectToExplore": "Effect_ExploreSaturn",
   "positionCalculator": {
      "$type": "L2Position"
   },
   "symbolTexture": "icons_2d/OrbitalIcons_2"
},
 {
   "dataName": "SaturnTethysL3",
   "lagrangeValue": "L3",
   "relatedObject": "Tethys",
   "effectToExplore": "Effect_ExploreSaturn",
   "positionCalculator": {
      "$type": "L3Position"
   },
   "symbolTexture": "icons_2d/OrbitalIcons_3t"
},
 {
   "dataName": "SaturnDioneL1",
   "lagrangeValue": "L1",
   "relatedObject": "Dione",
   "effectToExplore": "Effect_ExploreSaturn",
   "positionCalculator": {
      "$type": "L1Position"
   },
   "symbolTexture": "icons_2d/OrbitalIcons_1"
},
 {
   "dataName": "SaturnDioneL2",
   "lagrangeValue": "L2",
   "relatedObject": "Dione",
   "effectToExplore": "Effect_ExploreSaturn",
   "positionCalculator": {
      "$type": "L2Position"
   },
   "symbolTexture": "icons_2d/OrbitalIcons_2"
},
 {
   "dataName": "SaturnDioneL3",
   "lagrangeValue": "L3",
   "relatedObject": "Dione",
   "effectToExplore": "Effect_ExploreSaturn",
   "positionCalculator": {
      "$type": "L3Position"
   },
   "symbolTexture": "icons_2d/OrbitalIcons_3t"
},
 {
   "dataName": "SaturnDioneL5",
   "lagrangeValue": "L5",
   "relatedObject": "Dione",
   "effectToExplore": "Effect_ExploreSaturn",
   "positionCalculator": {
      "$type": "L5Position"
   },
   "symbolTexture": "icons_2d/OrbitalIcons_5"
},
 {
   "dataName": "SaturnRheaL1",
   "lagrangeValue": "L1",
   "relatedObject": "Rhea",
   "effectToExplore": "Effect_ExploreSaturn",
   "positionCalculator": {
      "$type": "L1Position"
   },
   "symbolTexture": "icons_2d/OrbitalIcons_1"
},
 {
   "dataName": "SaturnRheaL2",
   "lagrangeValue": "L2",
   "relatedObject": "Rhea",
   "effectToExplore": "Effect_ExploreSaturn",
   "positionCalculator": {
      "$type": "L2Position"
   },
   "symbolTexture": "icons_2d/OrbitalIcons_2"
},
 {
   "dataName": "SaturnRheaL3",
   "lagrangeValue": "L3",
   "relatedObject": "Rhea",
   "effectToExplore": "Effect_ExploreSaturn",
   "positionCalculator": {
      "$type": "L3Position"
   },
   "symbolTexture": "icons_2d/OrbitalIcons_3t"
},
 {
   "dataName": "SaturnRheaL4",
   "lagrangeValue": "L4",
   "relatedObject": "Rhea",
   "effectToExplore": "Effect_ExploreSaturn",
   "positionCalculator": {
      "$type": "L4Position"
   },
   "symbolTexture": "icons_2d/OrbitalIcons_4d"
},
 {
   "dataName": "SaturnRheaL5",
   "lagrangeValue": "L5",
   "relatedObject": "Rhea",
   "effectToExplore": "Effect_ExploreSaturn",
   "positionCalculator": {
      "$type": "L5Position"
   },
   "symbolTexture": "icons_2d/OrbitalIcons_5"
},
 {
   "dataName": "SaturnTitanL1",
   "lagrangeValue": "L1",
   "relatedObject": "Titan",
   "effectToExplore": "Effect_ExploreSaturn",
   "positionCalculator": {
      "$type": "L1Position"
   },
   "symbolTexture": "icons_2d/OrbitalIcons_1"
},
 {
   "dataName": "SaturnTitanL2",
   "lagrangeValue": "L2",
   "relatedObject": "Titan",
   "effectToExplore": "Effect_ExploreSaturn",
   "positionCalculator": {
      "$type": "L2Position"
   },
   "symbolTexture": "icons_2d/OrbitalIcons_2"
},
 {
   "dataName": "SaturnTitanL3",
   "lagrangeValue": "L3",
   "relatedObject": "Titan",
   "effectToExplore": "Effect_ExploreSaturn",
   "positionCalculator": {
      "$type": "L3Position"
   },
   "symbolTexture": "icons_2d/OrbitalIcons_3t"
},
 {
   "dataName": "SaturnTitanL4",
   "lagrangeValue": "L4",
   "relatedObject": "Titan",
   "effectToExplore": "Effect_ExploreSaturn",
   "positionCalculator": {
      "$type": "L4Position"
   },
   "symbolTexture": "icons_2d/OrbitalIcons_4d"
},
 {
   "dataName": "SaturnTitanL5",
   "lagrangeValue": "L5",
   "relatedObject": "Titan",
   "effectToExplore": "Effect_ExploreSaturn",
   "positionCalculator": {
      "$type": "L5Position"
   },
   "symbolTexture": "icons_2d/OrbitalIcons_5"
},
 {
   "dataName": "SaturnIapetusL1",
   "lagrangeValue": "L1",
   "relatedObject": "Iapetus",
   "effectToExplore": "Effect_ExploreSaturn",
   "positionCalculator": {
      "$type": "L1Position"
   },
   "symbolTexture": "icons_2d/OrbitalIcons_1"
},
 {
   "dataName": "SaturnIapetusL2",
   "lagrangeValue": "L2",
   "relatedObject": "Iapetus",
   "effectToExplore": "Effect_ExploreSaturn",
   "positionCalculator": {
      "$type": "L2Position"
   },
   "symbolTexture": "icons_2d/OrbitalIcons_2"
},
 {
   "dataName": "SaturnIapetusL3",
   "lagrangeValue": "L3",
   "relatedObject": "Iapetus",
   "effectToExplore": "Effect_ExploreSaturn",
   "positionCalculator": {
      "$type": "L3Position"
   },
   "symbolTexture": "icons_2d/OrbitalIcons_3t"
},
 {
   "dataName": "SaturnIapetusL4",
   "lagrangeValue": "L4",
   "relatedObject": "Iapetus",
   "effectToExplore": "Effect_ExploreSaturn",
   "positionCalculator": {
      "$type": "L4Position"
   },
   "symbolTexture": "icons_2d/OrbitalIcons_4d"
},
 {
   "dataName": "SaturnIapetusL5",
   "lagrangeValue": "L5",
   "relatedObject": "Iapetus",
   "effectToExplore": "Effect_ExploreSaturn",
   "positionCalculator": {
      "$type": "L5Position"
   },
   "symbolTexture": "icons_2d/OrbitalIcons_5"
},
 {
   "dataName": "UranusArielL1",
   "lagrangeValue": "L1",
   "relatedObject": "Ariel",
   "effectToExplore": "Effect_ExploreOuterPlanets",
   "positionCalculator": {
      "$type": "L1Position"
   },
   "symbolTexture": "icons_2d/OrbitalIcons_1"
},
 {
   "dataName": "UranusArielL2",
   "lagrangeValue": "L2",
   "relatedObject": "Ariel",
   "effectToExplore": "Effect_ExploreOuterPlanets",
   "positionCalculator": {
      "$type": "L2Position"
   },
   "symbolTexture": "icons_2d/OrbitalIcons_2"
},
 {
   "dataName": "UranusArielL3",
   "lagrangeValue": "L3",
   "relatedObject": "Ariel",
   "effectToExplore": "Effect_ExploreOuterPlanets",
   "positionCalculator": {
      "$type": "L3Position"
   },
   "symbolTexture": "icons_2d/OrbitalIcons_3t"
},
 {
   "dataName": "UranusArielL4",
   "lagrangeValue": "L4",
   "relatedObject": "Ariel",
   "effectToExplore": "Effect_ExploreOuterPlanets",
   "positionCalculator": {
      "$type": "L4Position"
   },
   "symbolTexture": "icons_2d/OrbitalIcons_4d"
},
 {
   "dataName": "UranusArielL5",
   "lagrangeValue": "L5",
   "relatedObject": "Ariel",
   "effectToExplore": "Effect_ExploreOuterPlanets",
   "positionCalculator": {
      "$type": "L5Position"
   },
   "symbolTexture": "icons_2d/OrbitalIcons_5"
},
 {
   "dataName": "UranusUmbrielL1",
   "lagrangeValue": "L1",
   "relatedObject": "Umbriel",
   "effectToExplore": "Effect_ExploreOuterPlanets",
   "positionCalculator": {
      "$type": "L1Position"
   },
   "symbolTexture": "icons_2d/OrbitalIcons_1"
},
 {
   "dataName": "UranusUmbrielL2",
   "lagrangeValue": "L2",
   "relatedObject": "Umbriel",
   "effectToExplore": "Effect_ExploreOuterPlanets",
   "positionCalculator": {
      "$type": "L2Position"
   },
   "symbolTexture": "icons_2d/OrbitalIcons_2"
},
 {
   "dataName": "UranusUmbrielL3",
   "lagrangeValue": "L3",
   "relatedObject": "Umbriel",
   "effectToExplore": "Effect_ExploreOuterPlanets",
   "positionCalculator": {
      "$type": "L3Position"
   },
   "symbolTexture": "icons_2d/OrbitalIcons_3t"
},
 {
   "dataName": "UranusUmbrielL4",
   "lagrangeValue": "L4",
   "relatedObject": "Umbriel",
   "effectToExplore": "Effect_ExploreOuterPlanets",
   "positionCalculator": {
      "$type": "L4Position"
   },
   "symbolTexture": "icons_2d/OrbitalIcons_4d"
},
 {
   "dataName": "UranusUmbrielL5",
   "lagrangeValue": "L5",
   "relatedObject": "Umbriel",
   "effectToExplore": "Effect_ExploreOuterPlanets",
   "positionCalculator": {
      "$type": "L5Position"
   },
   "symbolTexture": "icons_2d/OrbitalIcons_5"
},
 {
   "dataName": "UranusTitaniaL1",
   "lagrangeValue": "L1",
   "relatedObject": "Titania",
   "effectToExplore": "Effect_ExploreOuterPlanets",
   "positionCalculator": {
      "$type": "L1Position"
   },
   "symbolTexture": "icons_2d/OrbitalIcons_1"
},
 {
   "dataName": "UranusTitaniaL2",
   "lagrangeValue": "L2",
   "relatedObject": "Titania",
   "effectToExplore": "Effect_ExploreOuterPlanets",
   "positionCalculator": {
      "$type": "L2Position"
   },
   "symbolTexture": "icons_2d/OrbitalIcons_2"
},
 {
   "dataName": "UranusTitaniaL3",
   "lagrangeValue": "L3",
   "relatedObject": "Titania",
   "effectToExplore": "Effect_ExploreOuterPlanets",
   "positionCalculator": {
      "$type": "L3Position"
   },
   "symbolTexture": "icons_2d/OrbitalIcons_3t"
},
 {
   "dataName": "UranusTitaniaL4",
   "lagrangeValue": "L4",
   "relatedObject": "Titania",
   "effectToExplore": "Effect_ExploreOuterPlanets",
   "positionCalculator": {
      "$type": "L4Position"
   },
   "symbolTexture": "icons_2d/OrbitalIcons_4d"
},
 {
   "dataName": "UranusTitaniaL5",
   "lagrangeValue": "L5",
   "relatedObject": "Titania",
   "effectToExplore": "Effect_ExploreOuterPlanets",
   "positionCalculator": {
      "$type": "L5Position"
   },
   "symbolTexture": "icons_2d/OrbitalIcons_5"
},
 {
   "dataName": "UranusOberonL1",
   "lagrangeValue": "L1",
   "relatedObject": "Oberon",
   "effectToExplore": "Effect_ExploreOuterPlanets",
   "positionCalculator": {
      "$type": "L1Position"
   },
   "symbolTexture": "icons_2d/OrbitalIcons_1"
},
 {
   "dataName": "UranusOberonL2",
   "lagrangeValue": "L2",
   "relatedObject": "Oberon",
   "effectToExplore": "Effect_ExploreOuterPlanets",
   "positionCalculator": {
      "$type": "L2Position"
   },
   "symbolTexture": "icons_2d/OrbitalIcons_2"
},
 {
   "dataName": "UranusOberonL3",
   "lagrangeValue": "L3",
   "relatedObject": "Oberon",
   "effectToExplore": "Effect_ExploreOuterPlanets",
   "positionCalculator": {
      "$type": "L3Position"
   },
   "symbolTexture": "icons_2d/OrbitalIcons_3t"
},
 {
   "dataName": "UranusOberonL4",
   "lagrangeValue": "L4",
   "relatedObject": "Oberon",
   "effectToExplore": "Effect_ExploreOuterPlanets",
   "positionCalculator": {
      "$type": "L4Position"
   },
   "symbolTexture": "icons_2d/OrbitalIcons_4d"
},
 {
   "dataName": "UranusOberonL5",
   "lagrangeValue": "L5",
   "relatedObject": "Oberon",
   "effectToExplore": "Effect_ExploreOuterPlanets",
   "positionCalculator": {
      "$type": "L5Position"
   },
   "symbolTexture": "icons_2d/OrbitalIcons_5"
},
 {
   "dataName": "NeptuneTritonL1",
   "lagrangeValue": "L1",
   "relatedObject": "Triton",
   "effectToExplore": "Effect_ExploreOuterPlanets",
   "positionCalculator": {
      "$type": "L1Position"
   },
   "symbolTexture": "icons_2d/OrbitalIcons_1"
},
 {
   "dataName": "NeptuneTritonL2",
   "lagrangeValue": "L2",
   "relatedObject": "Triton",
   "effectToExplore": "Effect_ExploreOuterPlanets",
   "positionCalculator": {
      "$type": "L2Position"
   },
   "symbolTexture": "icons_2d/OrbitalIcons_2"
},
 {
   "dataName": "NeptuneTritonL3",
   "lagrangeValue": "L3",
   "relatedObject": "Triton",
   "effectToExplore": "Effect_ExploreOuterPlanets",
   "positionCalculator": {
      "$type": "L3Position"
   },
   "symbolTexture": "icons_2d/OrbitalIcons_3t"
},
 {
   "dataName": "NeptuneTritonL4",
   "lagrangeValue": "L4",
   "relatedObject": "Triton",
   "effectToExplore": "Effect_ExploreOuterPlanets",
   "positionCalculator": {
      "$type": "L4Position"
   },
   "symbolTexture": "icons_2d/OrbitalIcons_4d"
},
 {
   "dataName": "NeptuneTritonL5",
   "lagrangeValue": "L5",
   "relatedObject": "Triton",
   "effectToExplore": "Effect_ExploreOuterPlanets",
   "positionCalculator": {
      "$type": "L5Position"
   },
   "symbolTexture": "icons_2d/OrbitalIcons_5"
}
]