[
 {
   "dataName": "PointDefenseParticleBeam",
   "displayName": "Point Defense Particle Beam",
   "mount": "OneHull",
   "crew": 1,
   "requiredProjectName": "Project_PointDefenseParticleBeam",
   "attackMode": false,
   "defenseMode": true,
   "baseWeaponMass_tons": 3,
   "cooldown_s": 4,
   "efficiency": 0.15,
   "shotPower_MJ": 30,
   "bombardmentValue": 0,
   "targetingRange_km": 200,
   "doublingRange_km": 100,
   "pivotRange_deg": 180,
   "weightedBuildMaterials": {
      "water": 0.01,
      "volatiles": 0.05,
      "metals": 0.78,
      "nobleMetals": 0.16,
      "exotics": null
   },
   "iconResource": "shipbuildericons/ICO_PointDefenseParticleBeam",
   "effectResource": "spaceCombat/Particle Beam Cyan",
   "modelResource": "shipweapons/point_defense_particle_beam_battery",
   "fireSoundFXResource": "event:/SFX/Game_SFX/Lasers/trig_SFX_Charged_Particle_Turret"
},
 {
   "dataName": "ParticleCannonMk1",
   "displayName": "Particle Cannon Mk1",
   "mount": "TwoNoseVert",
   "crew": 2,
   "requiredProjectName": "Project_ParticleCannonMk1",
   "attackMode": true,
   "defenseMode": false,
   "baseWeaponMass_tons": 100,
   "cooldown_s": 60,
   "efficiency": 0.1,
   "shotPower_MJ": 90,
   "bombardmentValue": 0,
   "targetingRange_km": 250,
   "doublingRange_km": 150,
   "pivotRange_deg": 30,
   "weightedBuildMaterials": {
      "water": 0.01,
      "volatiles": 0.05,
      "metals": 0.78,
      "nobleMetals": 0.16,
      "exotics": null
   },
   "iconResource": "shipbuildericons/ICO_ParticleCannonMk1",
   "effectResource": "spaceCombat/Particle Beam Cyan",
   "modelResource": "shipweapons/particle_cannon",
   "fireSoundFXResource": "event:/SFX/Game_SFX/Lasers/trig_SFX_Charged_Particle_Cannon"
},
 {
   "dataName": "HeavyParticleCannonMk1",
   "displayName": "Heavy Particle Cannon Mk1",
   "mount": "ThreeNoseAngle",
   "crew": 3,
   "requiredProjectName": "Project_HeavyParticleCannonMk1",
   "attackMode": true,
   "defenseMode": false,
   "baseWeaponMass_tons": 500,
   "cooldown_s": 72,
   "efficiency": 0.1,
   "shotPower_MJ": 120,
   "bombardmentValue": 0,
   "targetingRange_km": 325,
   "doublingRange_km": 150,
   "pivotRange_deg": 30,
   "weightedBuildMaterials": {
      "water": 0.01,
      "volatiles": 0.05,
      "metals": 0.78,
      "nobleMetals": 0.16,
      "exotics": null
   },
   "iconResource": "shipbuildericons/ICO_HeavyParticleCannonMk1",
   "effectResource": "spaceCombat/Particle Beam Cyan",
   "modelResource": "shipweapons/particle_cannon",
   "fireSoundFXResource": "event:/SFX/Game_SFX/Lasers/trig_SFX_Charged_Particle_Cannon"
},
 {
   "dataName": "SpinalParticleCannonMk1",
   "displayName": "Spinal Particle Cannon Mk1",
   "mount": "FourNose",
   "crew": 4,
   "requiredProjectName": "Project_SpinalParticleCannonMk1",
   "attackMode": true,
   "defenseMode": false,
   "baseWeaponMass_tons": 1000,
   "cooldown_s": 90,
   "efficiency": 0.1,
   "shotPower_MJ": 180,
   "bombardmentValue": 0,
   "targetingRange_km": 400,
   "doublingRange_km": 150,
   "pivotRange_deg": 30,
   "weightedBuildMaterials": {
      "water": 0.01,
      "volatiles": 0.05,
      "metals": 0.78,
      "nobleMetals": 0.16,
      "exotics": null
   },
   "iconResource": "shipbuildericons/ICO_SpinalParticleCannonMk1",
   "effectResource": "spaceCombat/Particle Beam Cyan",
   "modelResource": "shipweapons/particle_cannon",
   "fireSoundFXResource": "event:/SFX/Game_SFX/Lasers/trig_SFX_Charged_Particle_Cannon"
},
 {
   "dataName": "ParticleCannonMk2",
   "displayName": "Particle Cannon Mk2",
   "mount": "TwoNoseVert",
   "crew": 2,
   "requiredProjectName": "Project_ParticleCannonMk2",
   "attackMode": true,
   "defenseMode": false,
   "baseWeaponMass_tons": 100,
   "cooldown_s": 50,
   "efficiency": 0.15,
   "shotPower_MJ": 120,
   "bombardmentValue": 0,
   "targetingRange_km": 350,
   "doublingRange_km": 225,
   "pivotRange_deg": 30,
   "weightedBuildMaterials": {
      "water": 0.01,
      "volatiles": 0.05,
      "metals": 0.78,
      "nobleMetals": 0.16,
      "exotics": null
   },
   "iconResource": "shipbuildericons/ICO_ParticleCannonMk2",
   "effectResource": "spaceCombat/Particle Beam Cyan",
   "modelResource": "shipweapons/particle_cannon",
   "fireSoundFXResource": "event:/SFX/Game_SFX/Lasers/trig_SFX_Charged_Particle_Cannon"
},
 {
   "dataName": "HeavyParticleCannonMk2",
   "displayName": "Heavy Particle Cannon Mk2",
   "mount": "ThreeNoseAngle",
   "crew": 3,
   "requiredProjectName": "Project_HeavyParticleCannonMk2",
   "attackMode": true,
   "defenseMode": false,
   "baseWeaponMass_tons": 500,
   "cooldown_s": 60,
   "efficiency": 0.15,
   "shotPower_MJ": 180,
   "bombardmentValue": 0,
   "targetingRange_km": 425,
   "doublingRange_km": 225,
   "pivotRange_deg": 30,
   "weightedBuildMaterials": {
      "water": 0.01,
      "volatiles": 0.05,
      "metals": 0.78,
      "nobleMetals": 0.16,
      "exotics": null
   },
   "iconResource": "shipbuildericons/ICO_HeavyParticleCannonMk2",
   "effectResource": "spaceCombat/Particle Beam Cyan",
   "modelResource": "shipweapons/particle_cannon",
   "fireSoundFXResource": "event:/SFX/Game_SFX/Lasers/trig_SFX_Charged_Particle_Cannon"
},
 {
   "dataName": "SpinalParticleCannonMk2",
   "displayName": "Spinal Particle Cannon Mk2",
   "mount": "FourNose",
   "crew": 4,
   "requiredProjectName": "Project_SpinalParticleCannonMk2",
   "attackMode": true,
   "defenseMode": false,
   "baseWeaponMass_tons": 1000,
   "cooldown_s": 75,
   "efficiency": 0.15,
   "shotPower_MJ": 240,
   "bombardmentValue": 0,
   "targetingRange_km": 500,
   "doublingRange_km": 225,
   "pivotRange_deg": 30,
   "weightedBuildMaterials": {
      "water": 0.01,
      "volatiles": 0.05,
      "metals": 0.78,
      "nobleMetals": 0.16,
      "exotics": null
   },
   "iconResource": "shipbuildericons/ICO_SpinalParticleCannonMk2",
   "effectResource": "spaceCombat/Particle Beam Cyan",
   "modelResource": "shipweapons/particle_cannon",
   "fireSoundFXResource": "event:/SFX/Game_SFX/Lasers/trig_SFX_Charged_Particle_Cannon"
},
 {
   "dataName": "ParticleCannonMk3",
   "displayName": "Particle Cannon Mk3",
   "mount": "TwoNoseVert",
   "crew": 2,
   "requiredProjectName": "Project_ParticleCannonMk3",
   "attackMode": true,
   "defenseMode": false,
   "baseWeaponMass_tons": 100,
   "cooldown_s": 40,
   "efficiency": 0.2,
   "shotPower_MJ": 180,
   "bombardmentValue": 0,
   "targetingRange_km": 450,
   "doublingRange_km": 300,
   "pivotRange_deg": 30,
   "weightedBuildMaterials": {
      "water": 0.01,
      "volatiles": 0.05,
      "metals": 0.78,
      "nobleMetals": 0.16,
      "exotics": null
   },
   "iconResource": "shipbuildericons/ICO_ParticleCannonMk3",
   "effectResource": "spaceCombat/Particle Beam Cyan",
   "modelResource": "shipweapons/particle_cannon",
   "fireSoundFXResource": "event:/SFX/Game_SFX/Lasers/trig_SFX_Charged_Particle_Cannon"
},
 {
   "dataName": "HeavyParticleCannonMk3",
   "displayName": "Heavy Particle Cannon Mk3",
   "mount": "ThreeNoseAngle",
   "crew": 3,
   "requiredProjectName": "Project_HeavyParticleCannonMk3",
   "attackMode": true,
   "defenseMode": false,
   "baseWeaponMass_tons": 500,
   "cooldown_s": 48,
   "efficiency": 0.2,
   "shotPower_MJ": 240,
   "bombardmentValue": 0,
   "targetingRange_km": 525,
   "doublingRange_km": 300,
   "pivotRange_deg": 30,
   "weightedBuildMaterials": {
      "water": 0.01,
      "volatiles": 0.05,
      "metals": 0.78,
      "nobleMetals": 0.16,
      "exotics": null
   },
   "iconResource": "shipbuildericons/ICO_HeavyParticleCannonMk3",
   "effectResource": "spaceCombat/Particle Beam Cyan",
   "modelResource": "shipweapons/particle_cannon",
   "fireSoundFXResource": "event:/SFX/Game_SFX/Lasers/trig_SFX_Charged_Particle_Cannon"
},
 {
   "dataName": "SpinalParticleCannonMk3",
   "displayName": "Spinal Particle Cannon Mk3",
   "mount": "FourNose",
   "crew": 4,
   "requiredProjectName": "Project_SpinalParticleCannonMk3",
   "attackMode": true,
   "defenseMode": false,
   "baseWeaponMass_tons": 1000,
   "cooldown_s": 60,
   "efficiency": 0.2,
   "shotPower_MJ": 360,
   "bombardmentValue": 0,
   "targetingRange_km": 600,
   "doublingRange_km": 300,
   "pivotRange_deg": 30,
   "weightedBuildMaterials": {
      "water": 0.01,
      "volatiles": 0.05,
      "metals": 0.78,
      "nobleMetals": 0.16,
      "exotics": null
   },
   "iconResource": "shipbuildericons/ICO_SpinalParticleCannonMk3",
   "effectResource": "spaceCombat/Particle Beam Cyan",
   "modelResource": "shipweapons/particle_cannon",
   "fireSoundFXResource": "event:/SFX/Game_SFX/Lasers/trig_SFX_Charged_Particle_Cannon"
},
 {
   "dataName": "AlienPointDefenseParticleBeam",
   "displayName": "Alien Point Defense Particle Beam",
   "mount": "OneHull",
   "crew": 0,
   "requiredProjectName": "Project_AlienMasterProject",
   "attackMode": false,
   "defenseMode": true,
   "baseWeaponMass_tons": 1,
   "cooldown_s": 2,
   "efficiency": 0.2,
   "shotPower_MJ": 32,
   "bombardmentValue": 0,
   "targetingRange_km": 225,
   "doublingRange_km": 100,
   "pivotRange_deg": 180,
   "weightedBuildMaterials": {
      "water": 0.01,
      "volatiles": 0.05,
      "metals": 0.8,
      "nobleMetals": 0.14,
      "exotics": null
   },
   "iconResource": "shipbuildericons/ICO_AlienPointDefenseParticleBeam",
   "effectResource": "spaceCombat/Particle Beam Yellow-Green",
   "modelResource": "shipweapons/alien_point_defense_particle_beam_battery",
   "fireSoundFXResource": "event:/SFX/Game_SFX/Lasers/trig_SFX_Alien_Neutral_Particle_Turret"
},
 {
   "dataName": "AlienLightParticleCannon",
   "displayName": "Alien Light Particle Cannon",
   "mount": "OneNose",
   "crew": 1,
   "requiredProjectName": "Project_AlienMasterProject",
   "attackMode": true,
   "defenseMode": false,
   "baseWeaponMass_tons": 150,
   "cooldown_s": 32,
   "efficiency": 0.2,
   "shotPower_MJ": 96,
   "bombardmentValue": 0,
   "targetingRange_km": 400,
   "doublingRange_km": 300,
   "pivotRange_deg": 30,
   "weightedBuildMaterials": {
      "water": 0.01,
      "volatiles": 0.05,
      "metals": 0.8,
      "nobleMetals": 0.14,
      "exotics": null
   },
   "iconResource": "shipbuildericons/ICO_AlienLightParticleCannon",
   "effectResource": "spaceCombat/Particle Beam Yellow-Green",
   "modelResource": "shipweapons/alien_particle_cannon",
   "fireSoundFXResource": "event:/SFX/Game_SFX/Lasers/trig_SFX_Alien_Charged_Particle_Cannon"
},
 {
   "dataName": "AlienParticleCannon",
   "displayName": "Alien Particle Cannon",
   "mount": "TwoNoseVert",
   "crew": 1,
   "requiredProjectName": "Project_AlienMasterProject",
   "attackMode": true,
   "defenseMode": false,
   "baseWeaponMass_tons": 80,
   "cooldown_s": 40,
   "efficiency": 0.2,
   "shotPower_MJ": 144,
   "bombardmentValue": 0,
   "targetingRange_km": 450,
   "doublingRange_km": 300,
   "pivotRange_deg": 30,
   "weightedBuildMaterials": {
      "water": 0.01,
      "volatiles": 0.05,
      "metals": 0.8,
      "nobleMetals": 0.14,
      "exotics": null
   },
   "iconResource": "shipbuildericons/ICO_AlienParticleCannon",
   "effectResource": "spaceCombat/Particle Beam Yellow-Green",
   "modelResource": "shipweapons/alien_particle_cannon",
   "fireSoundFXResource": "event:/SFX/Game_SFX/Lasers/trig_SFX_Alien_Charged_Particle_Cannon"
},
 {
   "dataName": "AlienHeavyParticleCannon",
   "displayName": "Alien Heavy Particle Cannon",
   "mount": "ThreeNoseAngle",
   "crew": 2,
   "requiredProjectName": "Project_AlienMasterProject",
   "attackMode": true,
   "defenseMode": false,
   "baseWeaponMass_tons": 400,
   "cooldown_s": 48,
   "efficiency": 0.2,
   "shotPower_MJ": 216,
   "bombardmentValue": 0,
   "targetingRange_km": 525,
   "doublingRange_km": 300,
   "pivotRange_deg": 30,
   "weightedBuildMaterials": {
      "water": 0.01,
      "volatiles": 0.05,
      "metals": 0.8,
      "nobleMetals": 0.14,
      "exotics": null
   },
   "iconResource": "shipbuildericons/ICO_AlienHeavyParticleCannon",
   "effectResource": "spaceCombat/Particle Beam Yellow-Green",
   "modelResource": "shipweapons/alien_particle_cannon",
   "fireSoundFXResource": "event:/SFX/Game_SFX/Lasers/trig_SFX_Alien_Charged_Particle_Cannon"
},
 {
   "dataName": "AlienSpinalParticleCannon",
   "displayName": "Alien Spinal Particle Cannon",
   "mount": "FourNose",
   "crew": 2,
   "requiredProjectName": "Project_AlienMasterProject",
   "attackMode": true,
   "defenseMode": false,
   "baseWeaponMass_tons": 800,
   "cooldown_s": 60,
   "efficiency": 0.2,
   "shotPower_MJ": 324,
   "bombardmentValue": 0,
   "targetingRange_km": 600,
   "doublingRange_km": 300,
   "pivotRange_deg": 30,
   "weightedBuildMaterials": {
      "water": 0.01,
      "volatiles": 0.05,
      "metals": 0.8,
      "nobleMetals": 0.14,
      "exotics": null
   },
   "iconResource": "shipbuildericons/ICO_AlienSpinalParticleCannon",
   "effectResource": "spaceCombat/Particle Beam Yellow-Green",
   "modelResource": "shipweapons/alien_particle_cannon",
   "fireSoundFXResource": "event:/SFX/Game_SFX/Lasers/trig_SFX_Alien_Charged_Particle_Cannon"
},
 {
   "dataName": "AlienRelativisticParticleCannon",
   "displayName": "Alien Relativistic Particle Cannon",
   "mount": "FourNose",
   "crew": 2,
   "requiredProjectName": "Project_AlienMasterProject",
   "attackMode": true,
   "defenseMode": false,
   "baseWeaponMass_tons": 1200,
   "cooldown_s": 75,
   "efficiency": 0.1,
   "shotPower_MJ": 360,
   "bombardmentValue": 0,
   "targetingRange_km": 1200,
   "doublingRange_km": 1200,
   "pivotRange_deg": 30,
   "weightedBuildMaterials": {
      "water": 0.01,
      "volatiles": 0.05,
      "metals": 0.78,
      "nobleMetals": 0.14,
      "exotics": 0.02
   },
   "iconResource": "shipbuildericons/ICO_AlienRelativisticParticleCannon",
   "effectResource": "spaceCombat/Particle Beam Yellow-Green",
   "modelResource": "shipweapons/alien_particle_cannon",
   "fireSoundFXResource": "event:/SFX/Game_SFX/Lasers/trig_SFX_Alien_Charged_Particle_Cannon"
}
]