[
 {
   "dataName": "PlasmaBatteryMk1",
   "displayName": "Plasma Battery Mk 1",
   "mount": "TwoHullHoriz",
   "requiredProjectName": "Project_PlasmaBatteryMk1",
   "crew": 4,
   "sort": 1,
   "attackMode": true,
   "defenseMode": false,
   "baseWeaponMass_tons": 320,
   "cooldown_s": 30,
   "salvo_shots": "",
   "intraSalvoCooldown_s": "",
   "efficiency": 0.3,
   "flatChipping": 0.2,
   "chargingEnergy_MJ": 20,
   "magazine": 500,
   "ammoMass_kg": 0,
   "muzzleVelocity_kps": 35,
   "bombardmentValue": 0,
   "targetingRange_km": 800,
   "pivotRange_deg": 180,
   "warheadMass_kg": 0.3,
   "weightedBuildMaterials": {
      "volatiles": 0.1,
      "metals": 0.5,
      "nobleMetals": 0.4,
      "exotics": null
   },
   "iconResource": "shipbuildericons/ICO_PlasmaBatteryMk1",
   "modelResource": "shipweapons/medium_plasma_battery",
   "shotModelResource": "spaceCombat/BulletPlasma",
   "impactVisualFXResource": "spaceCombat/ImpactGreen",
   "fireSoundFXResource": "event:/SFX/Game_SFX/Guns/trig_SFX_Plasma_Turret",
   "impactSoundFXResource": "event:/SFX/Game_SFX/Ship_Fire_Impacts/trig_SFX_BlasterLongMuffledLow003MonoRR",
   "expectedDamage_MJ": 183.75
},
 {
   "dataName": "HeavyPlasmaBatteryMk1",
   "displayName": "Heavy Plasma Battery Mk 1",
   "mount": "FourHull",
   "requiredProjectName": "Project_HeavyPlasmaBatteryMk1",
   "crew": 5,
   "sort": 2,
   "attackMode": true,
   "defenseMode": false,
   "baseWeaponMass_tons": 640,
   "cooldown_s": 36,
   "salvo_shots": "",
   "intraSalvoCooldown_s": "",
   "efficiency": 0.2,
   "flatChipping": 0.2,
   "chargingEnergy_MJ": 40,
   "magazine": 600,
   "ammoMass_kg": 0,
   "muzzleVelocity_kps": 35,
   "bombardmentValue": 0,
   "targetingRange_km": 1000,
   "pivotRange_deg": 180,
   "warheadMass_kg": 0.5,
   "weightedBuildMaterials": {
      "volatiles": 0.1,
      "metals": 0.5,
      "nobleMetals": 0.4,
      "exotics": null
   },
   "iconResource": "shipbuildericons/ICO_HeavyPlasmaBatteryMk1",
   "modelResource": "shipweapons/large_plasma_battery",
   "shotModelResource": "spaceCombat/BulletPlasma",
   "impactVisualFXResource": "spaceCombat/ImpactGreen",
   "fireSoundFXResource": "event:/SFX/Game_SFX/Guns/trig_SFX_Plasma_Turret",
   "impactSoundFXResource": "event:/SFX/Game_SFX/Ship_Fire_Impacts/trig_SFX_BlasterLongMuffledLow003MonoRR",
   "expectedDamage_MJ": 306.25
},
 {
   "dataName": "PlasmaBatteryMk2",
   "displayName": "Plasma Battery Mk 2",
   "mount": "TwoHullHoriz",
   "requiredProjectName": "Project_PlasmaBatteryMk2",
   "crew": 4,
   "sort": 3,
   "attackMode": true,
   "defenseMode": false,
   "baseWeaponMass_tons": 280,
   "cooldown_s": 25,
   "salvo_shots": "",
   "intraSalvoCooldown_s": "",
   "efficiency": 0.4,
   "flatChipping": 0.2,
   "chargingEnergy_MJ": 15,
   "magazine": 500,
   "ammoMass_kg": 0,
   "muzzleVelocity_kps": 35,
   "bombardmentValue": 0,
   "targetingRange_km": 800,
   "pivotRange_deg": 180,
   "warheadMass_kg": 0.3,
   "weightedBuildMaterials": {
      "volatiles": 0.1,
      "metals": 0.5,
      "nobleMetals": 0.4,
      "exotics": null
   },
   "iconResource": "shipbuildericons/ICO_PlasmaBatteryMk2",
   "modelResource": "shipweapons/medium_plasma_battery",
   "shotModelResource": "spaceCombat/BulletPlasma",
   "impactVisualFXResource": "spaceCombat/ImpactGreen",
   "fireSoundFXResource": "event:/SFX/Game_SFX/Guns/trig_SFX_Plasma_Turret",
   "impactSoundFXResource": "event:/SFX/Game_SFX/Ship_Fire_Impacts/trig_SFX_BlasterLongMuffledLow003MonoRR",
   "expectedDamage_MJ": 183.75
},
 {
   "dataName": "HeavyPlasmaBatteryMk2",
   "displayName": "Heavy Plasma Battery Mk 2",
   "mount": "FourHull",
   "requiredProjectName": "Project_HeavyPlasmaBatteryMk2",
   "crew": 5,
   "sort": 4,
   "attackMode": true,
   "defenseMode": false,
   "baseWeaponMass_tons": 560,
   "cooldown_s": 30,
   "salvo_shots": "",
   "intraSalvoCooldown_s": "",
   "efficiency": 0.3,
   "flatChipping": 0.2,
   "chargingEnergy_MJ": 30,
   "magazine": 600,
   "ammoMass_kg": 0,
   "muzzleVelocity_kps": 35,
   "bombardmentValue": 0,
   "targetingRange_km": 1000,
   "pivotRange_deg": 180,
   "warheadMass_kg": 0.5,
   "weightedBuildMaterials": {
      "volatiles": 0.1,
      "metals": 0.5,
      "nobleMetals": 0.4,
      "exotics": null
   },
   "iconResource": "shipbuildericons/ICO_HeavyPlasmaBatteryMk2",
   "modelResource": "shipweapons/large_plasma_battery",
   "shotModelResource": "spaceCombat/BulletPlasma",
   "impactVisualFXResource": "spaceCombat/ImpactGreen",
   "fireSoundFXResource": "event:/SFX/Game_SFX/Guns/trig_SFX_Plasma_Turret",
   "impactSoundFXResource": "event:/SFX/Game_SFX/Ship_Fire_Impacts/trig_SFX_BlasterLongMuffledLow003MonoRR",
   "expectedDamage_MJ": 306.25
},
 {
   "dataName": "PlasmaBatteryMk3",
   "displayName": "Plasma Battery Mk 3",
   "mount": "TwoHullHoriz",
   "requiredProjectName": "Project_PlasmaBatteryMk3",
   "crew": 4,
   "sort": 5,
   "attackMode": true,
   "defenseMode": false,
   "baseWeaponMass_tons": 240,
   "cooldown_s": 20,
   "salvo_shots": "",
   "intraSalvoCooldown_s": "",
   "efficiency": 0.5,
   "flatChipping": 0.2,
   "chargingEnergy_MJ": 10,
   "magazine": 500,
   "ammoMass_kg": 0,
   "muzzleVelocity_kps": 35,
   "bombardmentValue": 0,
   "targetingRange_km": 800,
   "pivotRange_deg": 180,
   "warheadMass_kg": 0.3,
   "weightedBuildMaterials": {
      "volatiles": 0.1,
      "metals": 0.5,
      "nobleMetals": 0.38,
      "exotics": 0.02
   },
   "iconResource": "shipbuildericons/ICO_PlasmaBatteryMk3",
   "modelResource": "shipweapons/medium_plasma_battery",
   "shotModelResource": "spaceCombat/BulletPlasma",
   "impactVisualFXResource": "spaceCombat/ImpactGreen",
   "fireSoundFXResource": "event:/SFX/Game_SFX/Guns/trig_SFX_Plasma_Turret",
   "impactSoundFXResource": "event:/SFX/Game_SFX/Ship_Fire_Impacts/trig_SFX_BlasterLongMuffledLow003MonoRR",
   "expectedDamage_MJ": 183.75
},
 {
   "dataName": "HeavyPlasmaBatteryMk3",
   "displayName": "Heavy Plasma Battery Mk 3",
   "mount": "FourHull",
   "requiredProjectName": "Project_HeavyPlasmaBatteryMk3",
   "crew": 5,
   "sort": 6,
   "attackMode": true,
   "defenseMode": false,
   "baseWeaponMass_tons": 480,
   "cooldown_s": 24,
   "salvo_shots": "",
   "intraSalvoCooldown_s": "",
   "efficiency": 0.4,
   "flatChipping": 0.2,
   "chargingEnergy_MJ": 20,
   "magazine": 600,
   "ammoMass_kg": 0,
   "muzzleVelocity_kps": 35,
   "bombardmentValue": 0,
   "targetingRange_km": 1000,
   "pivotRange_deg": 180,
   "warheadMass_kg": 0.5,
   "weightedBuildMaterials": {
      "volatiles": 0.1,
      "metals": 0.5,
      "nobleMetals": 0.38,
      "exotics": 0.02
   },
   "iconResource": "shipbuildericons/ICO_HeavyPlasmaBatteryMk3",
   "modelResource": "shipweapons/large_plasma_battery",
   "shotModelResource": "spaceCombat/BulletPlasma",
   "impactVisualFXResource": "spaceCombat/ImpactGreen",
   "fireSoundFXResource": "event:/SFX/Game_SFX/Guns/trig_SFX_Plasma_Turret",
   "impactSoundFXResource": "event:/SFX/Game_SFX/Ship_Fire_Impacts/trig_SFX_BlasterLongMuffledLow003MonoRR",
   "expectedDamage_MJ": 306.25
},
 {
   "dataName": "PlasmaCannonMk1",
   "displayName": "Plasma Cannon Mk 1",
   "mount": "ThreeNoseAngle",
   "requiredProjectName": "Project_PlasmaCannonMk1",
   "crew": 5,
   "sort": 7,
   "attackMode": true,
   "defenseMode": false,
   "baseWeaponMass_tons": 540,
   "cooldown_s": 48,
   "salvo_shots": "",
   "intraSalvoCooldown_s": "",
   "efficiency": 0.25,
   "flatChipping": 0.2,
   "chargingEnergy_MJ": 40,
   "magazine": 300,
   "ammoMass_kg": 0,
   "muzzleVelocity_kps": 35,
   "bombardmentValue": 0,
   "targetingRange_km": 800,
   "pivotRange_deg": 30,
   "warheadMass_kg": 0.75,
   "weightedBuildMaterials": {
      "volatiles": 0.1,
      "metals": 0.5,
      "nobleMetals": 0.4,
      "exotics": null
   },
   "iconResource": "shipbuildericons/ICO_PlasmaCannonMk1",
   "modelResource": "shipweapons/large_plasma_cannon",
   "shotModelResource": "spaceCombat/BulletPlasma",
   "impactVisualFXResource": "spaceCombat/ImpactGreen",
   "fireSoundFXResource": "event:/SFX/Game_SFX/Guns/trig_SFX_Plasma_Cannon",
   "impactSoundFXResource": "event:/SFX/Game_SFX/Ship_Fire_Impacts/trig_SFX_BlasterLongMuffledLow008MonoRR",
   "expectedDamage_MJ": 459.375
},
 {
   "dataName": "HeavyPlasmaCannonMk1",
   "displayName": "Heavy Plasma Cannon Mk 1",
   "mount": "FourNose",
   "requiredProjectName": "Project_HeavyPlasmaCannonMk1",
   "crew": 6,
   "sort": 8,
   "attackMode": true,
   "defenseMode": false,
   "baseWeaponMass_tons": 720,
   "cooldown_s": 60,
   "salvo_shots": "",
   "intraSalvoCooldown_s": "",
   "efficiency": 0.2,
   "flatChipping": 0.2,
   "chargingEnergy_MJ": 60,
   "magazine": 300,
   "ammoMass_kg": 0,
   "muzzleVelocity_kps": 35,
   "bombardmentValue": 0,
   "targetingRange_km": 1000,
   "pivotRange_deg": 30,
   "warheadMass_kg": 1,
   "weightedBuildMaterials": {
      "volatiles": 0.1,
      "metals": 0.5,
      "nobleMetals": 0.4,
      "exotics": null
   },
   "iconResource": "shipbuildericons/ICO_HeavyPlasmaCannonMk1",
   "modelResource": "shipweapons/huge_plasma_cannon",
   "shotModelResource": "spaceCombat/BulletPlasma",
   "impactVisualFXResource": "spaceCombat/ImpactGreen",
   "fireSoundFXResource": "event:/SFX/Game_SFX/Guns/trig_SFX_Plasma_Cannon",
   "impactSoundFXResource": "event:/SFX/Game_SFX/Ship_Fire_Impacts/trig_SFX_BlasterLongMuffledLow008MonoRR",
   "expectedDamage_MJ": 612.5
},
 {
   "dataName": "PlasmaCannonMk2",
   "displayName": "Plasma Cannon Mk 2",
   "mount": "ThreeNoseAngle",
   "requiredProjectName": "Project_PlasmaCannonMk2",
   "crew": 5,
   "sort": 9,
   "attackMode": true,
   "defenseMode": false,
   "baseWeaponMass_tons": 480,
   "cooldown_s": 40,
   "salvo_shots": "",
   "intraSalvoCooldown_s": "",
   "efficiency": 0.35,
   "flatChipping": 0.2,
   "chargingEnergy_MJ": 30,
   "magazine": 300,
   "ammoMass_kg": 0,
   "muzzleVelocity_kps": 35,
   "bombardmentValue": 0,
   "targetingRange_km": 800,
   "pivotRange_deg": 30,
   "warheadMass_kg": 0.75,
   "weightedBuildMaterials": {
      "volatiles": 0.1,
      "metals": 0.5,
      "nobleMetals": 0.4,
      "exotics": null
   },
   "iconResource": "shipbuildericons/ICO_PlasmaCannonMk2",
   "modelResource": "shipweapons/large_plasma_cannon",
   "shotModelResource": "spaceCombat/BulletPlasma",
   "impactVisualFXResource": "spaceCombat/ImpactGreen",
   "fireSoundFXResource": "event:/SFX/Game_SFX/Guns/trig_SFX_Plasma_Cannon",
   "impactSoundFXResource": "event:/SFX/Game_SFX/Ship_Fire_Impacts/trig_SFX_BlasterLongMuffledLow008MonoRR",
   "expectedDamage_MJ": 459.375
},
 {
   "dataName": "HeavyPlasmaCannonMk2",
   "displayName": "Heavy Plasma Cannon Mk 2",
   "mount": "FourNose",
   "requiredProjectName": "Project_HeavyPlasmaCannonMk2",
   "crew": 6,
   "sort": 10,
   "attackMode": true,
   "defenseMode": false,
   "baseWeaponMass_tons": 640,
   "cooldown_s": 50,
   "salvo_shots": "",
   "intraSalvoCooldown_s": "",
   "efficiency": 0.3,
   "flatChipping": 0.2,
   "chargingEnergy_MJ": 45,
   "magazine": 300,
   "ammoMass_kg": 0,
   "muzzleVelocity_kps": 35,
   "bombardmentValue": 0,
   "targetingRange_km": 1000,
   "pivotRange_deg": 30,
   "warheadMass_kg": 1,
   "weightedBuildMaterials": {
      "volatiles": 0.1,
      "metals": 0.5,
      "nobleMetals": 0.4,
      "exotics": null
   },
   "iconResource": "shipbuildericons/ICO_HeavyPlasmaCannonMk2",
   "modelResource": "shipweapons/huge_plasma_cannon",
   "shotModelResource": "spaceCombat/BulletPlasma",
   "impactVisualFXResource": "spaceCombat/ImpactGreen",
   "fireSoundFXResource": "event:/SFX/Game_SFX/Guns/trig_SFX_Plasma_Cannon",
   "impactSoundFXResource": "event:/SFX/Game_SFX/Ship_Fire_Impacts/trig_SFX_BlasterLongMuffledLow008MonoRR",
   "expectedDamage_MJ": 612.5
},
 {
   "dataName": "PlasmaCannonMk3",
   "displayName": "Plasma Cannon Mk 3",
   "mount": "ThreeNoseAngle",
   "requiredProjectName": "Project_PlasmaCannonMk3",
   "crew": 5,
   "sort": 11,
   "attackMode": true,
   "defenseMode": false,
   "baseWeaponMass_tons": 420,
   "cooldown_s": 32,
   "salvo_shots": "",
   "intraSalvoCooldown_s": "",
   "efficiency": 0.45,
   "flatChipping": 0.2,
   "chargingEnergy_MJ": 20,
   "magazine": 300,
   "ammoMass_kg": 0,
   "muzzleVelocity_kps": 35,
   "bombardmentValue": 0,
   "targetingRange_km": 800,
   "pivotRange_deg": 30,
   "warheadMass_kg": 0.75,
   "weightedBuildMaterials": {
      "volatiles": 0.1,
      "metals": 0.5,
      "nobleMetals": 0.38,
      "exotics": 0.02
   },
   "iconResource": "shipbuildericons/ICO_PlasmaCannonMk3",
   "modelResource": "shipweapons/large_plasma_cannon",
   "shotModelResource": "spaceCombat/BulletPlasma",
   "impactVisualFXResource": "spaceCombat/ImpactGreen",
   "fireSoundFXResource": "event:/SFX/Game_SFX/Guns/trig_SFX_Plasma_Cannon",
   "impactSoundFXResource": "event:/SFX/Game_SFX/Ship_Fire_Impacts/trig_SFX_BlasterLongMuffledLow008MonoRR",
   "expectedDamage_MJ": 459.375
},
 {
   "dataName": "HeavyPlasmaCannonMk3",
   "displayName": "Heavy Plasma Cannon Mk 3",
   "mount": "FourNose",
   "requiredProjectName": "Project_HeavyPlasmaCannonMk3",
   "crew": 6,
   "sort": 12,
   "attackMode": true,
   "defenseMode": false,
   "baseWeaponMass_tons": 560,
   "cooldown_s": 40,
   "salvo_shots": "",
   "intraSalvoCooldown_s": "",
   "efficiency": 0.4,
   "flatChipping": 0.2,
   "chargingEnergy_MJ": 30,
   "magazine": 300,
   "ammoMass_kg": 0,
   "muzzleVelocity_kps": 35,
   "bombardmentValue": 0,
   "targetingRange_km": 1000,
   "pivotRange_deg": 30,
   "warheadMass_kg": 1,
   "weightedBuildMaterials": {
      "volatiles": 0.1,
      "metals": 0.5,
      "nobleMetals": 0.38,
      "exotics": 0.02
   },
   "iconResource": "shipbuildericons/ICO_HeavyPlasmaCannonMk3",
   "modelResource": "shipweapons/huge_plasma_cannon",
   "shotModelResource": "spaceCombat/BulletPlasma",
   "impactVisualFXResource": "spaceCombat/ImpactGreen",
   "fireSoundFXResource": "event:/SFX/Game_SFX/Guns/trig_SFX_Plasma_Cannon",
   "impactSoundFXResource": "event:/SFX/Game_SFX/Ship_Fire_Impacts/trig_SFX_BlasterLongMuffledLow008MonoRR",
   "expectedDamage_MJ": 612.5
},
 {
   "dataName": "AlienPlasmaBattery",
   "displayName": "Alien Plasma Battery",
   "mount": "TwoHullHoriz",
   "requiredProjectName": "Project_AlienMasterProject",
   "crew": 1,
   "sort": 13,
   "attackMode": true,
   "defenseMode": false,
   "baseWeaponMass_tons": 200,
   "cooldown_s": 20,
   "salvo_shots": "",
   "intraSalvoCooldown_s": "",
   "efficiency": 0.5,
   "flatChipping": 0.2,
   "chargingEnergy_MJ": 10,
   "magazine": 500,
   "ammoMass_kg": 0,
   "muzzleVelocity_kps": 42,
   "bombardmentValue": 0,
   "targetingRange_km": 1000,
   "pivotRange_deg": 180,
   "warheadMass_kg": 0.3,
   "weightedBuildMaterials": {
      "volatiles": 0.1,
      "metals": 0.5,
      "nobleMetals": 0.38,
      "exotics": 0.02
   },
   "iconResource": "shipbuildericons/ICO_AlienPlasmaBattery",
   "modelResource": "shipweapons/alien_medium_plasma_battery",
   "shotModelResource": "spaceCombat/BulletAlienPlasma",
   "impactVisualFXResource": "spaceCombat/ImpactGreen",
   "fireSoundFXResource": "event:/SFX/Game_SFX/Guns/trig_SFX_Alien_Plasma_Turret",
   "impactSoundFXResource": "event:/SFX/Game_SFX/Ship_Fire_Impacts/trig_SFX_BlasterLongMuffledLow013MonoRR",
   "expectedDamage_MJ": 264.6
},
 {
   "dataName": "AlienHeavyPlasmaBattery",
   "displayName": "Alien Heavy Plasma Battery",
   "mount": "FourHull",
   "requiredProjectName": "Project_AlienMasterProject",
   "crew": 2,
   "sort": 14,
   "attackMode": true,
   "defenseMode": false,
   "baseWeaponMass_tons": 400,
   "cooldown_s": 24,
   "salvo_shots": "",
   "intraSalvoCooldown_s": "",
   "efficiency": 0.4,
   "flatChipping": 0.2,
   "chargingEnergy_MJ": 20,
   "magazine": 600,
   "ammoMass_kg": 0,
   "muzzleVelocity_kps": 42,
   "bombardmentValue": 0,
   "targetingRange_km": 1200,
   "pivotRange_deg": 180,
   "warheadMass_kg": 0.5,
   "weightedBuildMaterials": {
      "volatiles": 0.1,
      "metals": 0.5,
      "nobleMetals": 0.38,
      "exotics": 0.02
   },
   "iconResource": "shipbuildericons/ICO_AlienHeavyPlasmaBattery",
   "modelResource": "shipweapons/alien_large_plasma_battery",
   "shotModelResource": "spaceCombat/BulletAlienPlasma",
   "impactVisualFXResource": "spaceCombat/ImpactGreen",
   "fireSoundFXResource": "event:/SFX/Game_SFX/Guns/trig_SFX_Alien_Plasma_Turret",
   "impactSoundFXResource": "event:/SFX/Game_SFX/Ship_Fire_Impacts/trig_SFX_BlasterLongMuffledLow013MonoRR",
   "expectedDamage_MJ": 441
},
 {
   "dataName": "AlienPlasmaCannon",
   "displayName": "Alien Plasma Cannon",
   "mount": "ThreeNoseAngle",
   "requiredProjectName": "Project_AlienMasterProject",
   "crew": 2,
   "sort": 15,
   "attackMode": true,
   "defenseMode": false,
   "baseWeaponMass_tons": 390,
   "cooldown_s": 32,
   "salvo_shots": "",
   "intraSalvoCooldown_s": "",
   "efficiency": 0.45,
   "flatChipping": 0.2,
   "chargingEnergy_MJ": 20,
   "magazine": 300,
   "ammoMass_kg": 0,
   "muzzleVelocity_kps": 42,
   "bombardmentValue": 0,
   "targetingRange_km": 1100,
   "pivotRange_deg": 30,
   "warheadMass_kg": 0.75,
   "weightedBuildMaterials": {
      "volatiles": 0.1,
      "metals": 0.5,
      "nobleMetals": 0.38,
      "exotics": 0.02
   },
   "iconResource": "shipbuildericons/ICO_AlienPlasmaCannon",
   "modelResource": "shipweapons/alien_large_plasma_cannon",
   "shotModelResource": "spaceCombat/BulletAlienPlasma",
   "impactVisualFXResource": "spaceCombat/ImpactGreen",
   "fireSoundFXResource": "event:/SFX/Game_SFX/Guns/trig_SFX_Alien_Plasma_Cannon",
   "impactSoundFXResource": "event:/SFX/Game_SFX/Ship_Fire_Impacts/trig_SFX_BlasterLongMuffledLow018MonoRR",
   "expectedDamage_MJ": 661.5
},
 {
   "dataName": "AlienHeavyPlasmaCannon",
   "displayName": "Alien Heavy Plasma Cannon",
   "mount": "FourNose",
   "requiredProjectName": "Project_AlienMasterProject",
   "crew": 2,
   "sort": 16,
   "attackMode": true,
   "defenseMode": false,
   "baseWeaponMass_tons": 520,
   "cooldown_s": 40,
   "salvo_shots": "",
   "intraSalvoCooldown_s": "",
   "efficiency": 0.4,
   "flatChipping": 0.2,
   "chargingEnergy_MJ": 30,
   "magazine": 300,
   "ammoMass_kg": 0,
   "muzzleVelocity_kps": 42,
   "bombardmentValue": 0,
   "targetingRange_km": 1200,
   "pivotRange_deg": 30,
   "warheadMass_kg": 1,
   "weightedBuildMaterials": {
      "volatiles": 0.1,
      "metals": 0.5,
      "nobleMetals": 0.38,
      "exotics": 0.02
   },
   "iconResource": "shipbuildericons/ICO_AlienHeavyPlasmaCannon",
   "modelResource": "shipweapons/alien_huge_plasma_cannon",
   "shotModelResource": "spaceCombat/BulletAlienPlasma",
   "impactVisualFXResource": "spaceCombat/ImpactGreen",
   "fireSoundFXResource": "event:/SFX/Game_SFX/Guns/trig_SFX_Alien_Plasma_Cannon",
   "impactSoundFXResource": "event:/SFX/Game_SFX/Ship_Fire_Impacts/trig_SFX_BlasterLongMuffledLow018MonoRR",
   "expectedDamage_MJ": 882
}
]