[
 {
   "dataName": "FuelCellI",
   "friendlyName": "Fuel Cell I",
   "maxOutput_GW": 0.2,
   "specificPower_tGW": 2800,
   "powerPlantClass": "Fuel_Cell",
   "requiredProjectName": "",
   "generalUse": true,
   "efficiency": 0.7,
   "crew": 1,
   "weightedBuildMaterials": {
      "water": 0.35,
      "volatiles": 0.3,
      "metals": 0.3,
      "nobleMetals": 0.05,
      "fissiles": null,
      "antimatter": null,
      "exotics": null
   },
   "iconResource": "shipbuildericons/ICO_FuelCellI"
},
 {
   "dataName": "FuelCellII",
   "friendlyName": "Fuel Cell II",
   "maxOutput_GW": 0.6,
   "specificPower_tGW": 450,
   "powerPlantClass": "Fuel_Cell",
   "requiredProjectName": "Project_FuelCellII",
   "generalUse": true,
   "efficiency": 0.7,
   "crew": 3,
   "weightedBuildMaterials": {
      "water": 0.35,
      "volatiles": 0.3,
      "metals": 0.3,
      "nobleMetals": 0.05,
      "fissiles": null,
      "antimatter": null,
      "exotics": null
   },
   "iconResource": "shipbuildericons/ICO_FuelCellII"
},
 {
   "dataName": "FuelCellIII",
   "friendlyName": "Fuel Cell III",
   "maxOutput_GW": 1,
   "specificPower_tGW": 120,
   "powerPlantClass": "Fuel_Cell",
   "requiredProjectName": "Project_FuelCellIII",
   "generalUse": true,
   "efficiency": 0.72,
   "crew": 3,
   "weightedBuildMaterials": {
      "water": 0.35,
      "volatiles": 0.3,
      "metals": 0.3,
      "nobleMetals": 0.05,
      "fissiles": null,
      "antimatter": null,
      "exotics": null
   },
   "iconResource": "shipbuildericons/ICO_FuelCellIII"
},
 {
   "dataName": "SolidCoreFissionReactorI",
   "friendlyName": "Solid Core Fission Reactor I",
   "maxOutput_GW": 2,
   "specificPower_tGW": 40,
   "powerPlantClass": "Solid_Core_Fission",
   "requiredProjectName": "Project_SolidCoreFissionReactorI",
   "generalUse": true,
   "efficiency": 0.75,
   "crew": 6,
   "weightedBuildMaterials": {
      "water": 0.1,
      "volatiles": 0.1,
      "metals": 0.65,
      "nobleMetals": 0.1,
      "fissiles": 0.05,
      "antimatter": null,
      "exotics": null
   },
   "iconResource": "shipbuildericons/ICO_SolidCoreFissionReactorI"
},
 {
   "dataName": "SolidCoreFissionReactorII",
   "friendlyName": "Solid Core Fission Reactor II",
   "maxOutput_GW": 6,
   "specificPower_tGW": 34,
   "powerPlantClass": "Solid_Core_Fission",
   "requiredProjectName": "Project_SolidCoreFissionReactorII",
   "generalUse": true,
   "efficiency": 0.75,
   "crew": 6,
   "weightedBuildMaterials": {
      "water": 0.1,
      "volatiles": 0.1,
      "metals": 0.65,
      "nobleMetals": 0.1,
      "fissiles": 0.05,
      "antimatter": null,
      "exotics": null
   },
   "iconResource": "shipbuildericons/ICO_SolidCoreFissionReactorII"
},
 {
   "dataName": "SolidCoreFissionReactorIII",
   "friendlyName": "Solid Core Fission Reactor III",
   "maxOutput_GW": 15,
   "specificPower_tGW": 28,
   "powerPlantClass": "Solid_Core_Fission",
   "requiredProjectName": "Project_SolidCoreFissionReactorIII",
   "generalUse": true,
   "efficiency": 0.75,
   "crew": 6,
   "weightedBuildMaterials": {
      "water": 0.1,
      "volatiles": 0.1,
      "metals": 0.65,
      "nobleMetals": 0.1,
      "fissiles": 0.05,
      "antimatter": null,
      "exotics": null
   },
   "iconResource": "shipbuildericons/ICO_SolidCoreFissionReactorIII"
},
 {
   "dataName": "SolidCoreFissionReactorIV",
   "friendlyName": "Solid Core Fission Reactor IV",
   "maxOutput_GW": 60,
   "specificPower_tGW": 12,
   "powerPlantClass": "Solid_Core_Fission",
   "requiredProjectName": "Project_SolidCoreFissionReactorIV",
   "generalUse": true,
   "efficiency": 0.75,
   "crew": 6,
   "weightedBuildMaterials": {
      "water": 0.1,
      "volatiles": 0.1,
      "metals": 0.65,
      "nobleMetals": 0.1,
      "fissiles": 0.05,
      "antimatter": null,
      "exotics": null
   },
   "iconResource": "shipbuildericons/ICO_SolidCoreFissionReactorIV"
},
 {
   "dataName": "SolidCoreFissionReactorV",
   "friendlyName": "Solid Core Fission Reactor V",
   "maxOutput_GW": 125,
   "specificPower_tGW": 8,
   "powerPlantClass": "Solid_Core_Fission",
   "requiredProjectName": "Project_SolidCoreFissionReactorV",
   "generalUse": true,
   "efficiency": 0.75,
   "crew": 6,
   "weightedBuildMaterials": {
      "water": 0.1,
      "volatiles": 0.1,
      "metals": 0.65,
      "nobleMetals": 0.1,
      "fissiles": 0.05,
      "antimatter": null,
      "exotics": null
   },
   "iconResource": "shipbuildericons/ICO_SolidCoreFissionReactorV"
},
 {
   "dataName": "SolidCoreFissionReactorVI",
   "friendlyName": "Solid Core Fission Reactor VI",
   "maxOutput_GW": 1.5,
   "specificPower_tGW": 6,
   "powerPlantClass": "Solid_Core_Fission",
   "requiredProjectName": "Project_SolidCoreFissionReactorVI",
   "generalUse": true,
   "efficiency": 0.8,
   "crew": 5,
   "weightedBuildMaterials": {
      "water": 0.1,
      "volatiles": 0.1,
      "metals": 0.65,
      "nobleMetals": 0.1,
      "fissiles": 0.05,
      "antimatter": null,
      "exotics": null
   },
   "iconResource": "shipbuildericons/ICO_SolidCoreFissionReactorVI"
},
 {
   "dataName": "SolidCoreFissionReactorVII",
   "friendlyName": "Solid Core Fission Reactor VII",
   "maxOutput_GW": 5,
   "specificPower_tGW": 5,
   "powerPlantClass": "Solid_Core_Fission",
   "requiredProjectName": "Project_SolidCoreFissionReactorVII",
   "generalUse": true,
   "efficiency": 0.8,
   "crew": 5,
   "weightedBuildMaterials": {
      "water": 0.1,
      "volatiles": 0.1,
      "metals": 0.65,
      "nobleMetals": 0.1,
      "fissiles": 0.05,
      "antimatter": null,
      "exotics": null
   },
   "iconResource": "shipbuildericons/ICO_SolidCoreFissionReactorVII"
},
 {
   "dataName": "SolidCoreFissionReactorVIII",
   "friendlyName": "Solid Core Fission Reactor VIII",
   "maxOutput_GW": 12,
   "specificPower_tGW": 4,
   "powerPlantClass": "Solid_Core_Fission",
   "requiredProjectName": "Project_SolidCoreFissionReactorVIII",
   "generalUse": true,
   "efficiency": 0.8,
   "crew": 5,
   "weightedBuildMaterials": {
      "water": 0.1,
      "volatiles": 0.1,
      "metals": 0.65,
      "nobleMetals": 0.1,
      "fissiles": 0.05,
      "antimatter": null,
      "exotics": null
   },
   "iconResource": "shipbuildericons/ICO_SolidCoreFissionReactorVIII"
},
 {
   "dataName": "SolidCoreFissionReactorIX",
   "friendlyName": "Solid Core Fission Reactor IX",
   "maxOutput_GW": 20,
   "specificPower_tGW": 3,
   "powerPlantClass": "Solid_Core_Fission",
   "requiredProjectName": "Project_SolidCoreFissionReactorIX",
   "generalUse": true,
   "efficiency": 0.8,
   "crew": 5,
   "weightedBuildMaterials": {
      "water": 0.1,
      "volatiles": 0.1,
      "metals": 0.65,
      "nobleMetals": 0.1,
      "fissiles": 0.05,
      "antimatter": null,
      "exotics": null
   },
   "iconResource": "shipbuildericons/ICO_SolidCoreFissionReactorIX"
},
 {
   "dataName": "SolidCoreFissionReactorX",
   "friendlyName": "Solid Core Fission Reactor X",
   "maxOutput_GW": 20,
   "specificPower_tGW": 2,
   "powerPlantClass": "Solid_Core_Fission",
   "requiredProjectName": "Project_SolidCoreFissionReactorX",
   "generalUse": true,
   "efficiency": 0.85,
   "crew": 4,
   "weightedBuildMaterials": {
      "water": 0.1,
      "volatiles": 0.1,
      "metals": 0.65,
      "nobleMetals": 0.1,
      "fissiles": 0.05,
      "antimatter": null,
      "exotics": null
   },
   "iconResource": "shipbuildericons/ICO_SolidCoreFissionReactorX"
},
 {
   "dataName": "MoltenCoreFissionReactorI",
   "friendlyName": "Molten Core Fission Reactor I",
   "maxOutput_GW": 1,
   "specificPower_tGW": 3,
   "powerPlantClass": "Liquid_Core_Fission",
   "requiredProjectName": "Project_MoltenCoreFissionReactorI",
   "generalUse": true,
   "efficiency": 0.85,
   "crew": 6,
   "weightedBuildMaterials": {
      "water": 0.1,
      "volatiles": 0.1,
      "metals": 0.55,
      "nobleMetals": 0.2,
      "fissiles": 0.05,
      "antimatter": null,
      "exotics": null
   },
   "iconResource": "shipbuildericons/ICO_MoltenCoreFissionReactorI"
},
 {
   "dataName": "MoltenCoreFissionReactorII",
   "friendlyName": "Molten Core Fission Reactor II",
   "maxOutput_GW": 750,
   "specificPower_tGW": 3,
   "powerPlantClass": "Liquid_Core_Fission",
   "requiredProjectName": "Project_MoltenCoreFissionReactorII",
   "generalUse": true,
   "efficiency": 0.88,
   "crew": 6,
   "weightedBuildMaterials": {
      "water": 0.1,
      "volatiles": 0.1,
      "metals": 0.55,
      "nobleMetals": 0.2,
      "fissiles": 0.05,
      "antimatter": null,
      "exotics": null
   },
   "iconResource": "shipbuildericons/ICO_MoltenCoreFissionReactorII"
},
 {
   "dataName": "MoltenCoreFissionReactorIII",
   "friendlyName": "Molten Core Fission Reactor III",
   "maxOutput_GW": 1250,
   "specificPower_tGW": 2.5,
   "powerPlantClass": "Liquid_Core_Fission",
   "requiredProjectName": "Project_MoltenCoreFissionReactorIII",
   "generalUse": true,
   "efficiency": 0.9,
   "crew": 6,
   "weightedBuildMaterials": {
      "water": 0.1,
      "volatiles": 0.1,
      "metals": 0.55,
      "nobleMetals": 0.2,
      "fissiles": 0.05,
      "antimatter": null,
      "exotics": null
   },
   "iconResource": "shipbuildericons/ICO_MoltenCoreFissionReactorIII"
},
 {
   "dataName": "VaporCoreFissionReactorI",
   "friendlyName": "Vapor Core Fission Reactor I",
   "maxOutput_GW": 6,
   "specificPower_tGW": 13,
   "powerPlantClass": "Gas_Core_Fission",
   "requiredProjectName": "Project_VaporCoreFissionReactorI",
   "generalUse": true,
   "efficiency": 0.9,
   "crew": 8,
   "weightedBuildMaterials": {
      "water": 0.1,
      "volatiles": 0.1,
      "metals": 0.5,
      "nobleMetals": 0.25,
      "fissiles": 0.05,
      "antimatter": null,
      "exotics": null
   },
   "iconResource": "shipbuildericons/ICO_VaporCoreFissionReactorI"
},
 {
   "dataName": "VaporCoreFissionReactorII",
   "friendlyName": "Vapor Core Fission Reactor II",
   "maxOutput_GW": 8,
   "specificPower_tGW": 8,
   "powerPlantClass": "Gas_Core_Fission",
   "requiredProjectName": "Project_VaporCoreFissionReactorII",
   "generalUse": true,
   "efficiency": 0.92,
   "crew": 6,
   "weightedBuildMaterials": {
      "water": 0.1,
      "volatiles": 0.1,
      "metals": 0.5,
      "nobleMetals": 0.25,
      "fissiles": 0.05,
      "antimatter": null,
      "exotics": null
   },
   "iconResource": "shipbuildericons/ICO_VaporCoreFissionReactorII"
},
 {
   "dataName": "VaporCoreFissionReactorIII",
   "friendlyName": "Vapor Core Fission Reactor III",
   "maxOutput_GW": 14,
   "specificPower_tGW": 4,
   "powerPlantClass": "Gas_Core_Fission",
   "requiredProjectName": "Project_VaporCoreFissionReactorIII",
   "generalUse": true,
   "efficiency": 0.92,
   "crew": 5,
   "weightedBuildMaterials": {
      "water": 0.1,
      "volatiles": 0.1,
      "metals": 0.5,
      "nobleMetals": 0.25,
      "fissiles": 0.05,
      "antimatter": null,
      "exotics": null
   },
   "iconResource": "shipbuildericons/ICO_VaporCoreFissionReactorIII"
},
 {
   "dataName": "GasCoreFissionReactorI",
   "friendlyName": "Gas Core Fission Reactor I",
   "maxOutput_GW": 5,
   "specificPower_tGW": 15,
   "powerPlantClass": "Gas_Core_Fission",
   "requiredProjectName": "Project_GasCoreFissionReactorI",
   "generalUse": true,
   "efficiency": 0.9,
   "crew": 6,
   "weightedBuildMaterials": {
      "water": 0.1,
      "volatiles": 0.1,
      "metals": 0.45,
      "nobleMetals": 0.3,
      "fissiles": 0.05,
      "antimatter": null,
      "exotics": null
   },
   "iconResource": "shipbuildericons/ICO_GasCoreFissionReactorI"
},
 {
   "dataName": "GasCoreFissionReactorII",
   "friendlyName": "Gas Core Fission Reactor II",
   "maxOutput_GW": 33,
   "specificPower_tGW": 10,
   "powerPlantClass": "Gas_Core_Fission",
   "requiredProjectName": "Project_GasCoreFissionReactorII",
   "generalUse": true,
   "efficiency": 0.91,
   "crew": 5,
   "weightedBuildMaterials": {
      "water": 0.1,
      "volatiles": 0.1,
      "metals": 0.45,
      "nobleMetals": 0.3,
      "fissiles": 0.05,
      "antimatter": null,
      "exotics": null
   },
   "iconResource": "shipbuildericons/ICO_GasCoreFissionReactorII"
},
 {
   "dataName": "GasCoreFissionReactorIII",
   "friendlyName": "Gas Core Fission Reactor III",
   "maxOutput_GW": 150,
   "specificPower_tGW": 3,
   "powerPlantClass": "Gas_Core_Fission",
   "requiredProjectName": "Project_GasCoreFissionReactorIII",
   "generalUse": true,
   "efficiency": 0.95,
   "crew": 6,
   "weightedBuildMaterials": {
      "water": 0.1,
      "volatiles": 0.1,
      "metals": 0.45,
      "nobleMetals": 0.3,
      "fissiles": 0.05,
      "antimatter": null,
      "exotics": null
   },
   "iconResource": "shipbuildericons/ICO_GasCoreFissionReactorIII"
},
 {
   "dataName": "GasCoreFissionReactorIV",
   "friendlyName": "Gas Core Fission Reactor IV",
   "maxOutput_GW": 1650,
   "specificPower_tGW": 10,
   "powerPlantClass": "Gas_Core_Fission",
   "requiredProjectName": "Project_GasCoreFissionReactorIV",
   "generalUse": true,
   "efficiency": 0.93,
   "crew": 5,
   "weightedBuildMaterials": {
      "water": 0.1,
      "volatiles": 0.1,
      "metals": 0.45,
      "nobleMetals": 0.3,
      "fissiles": 0.05,
      "antimatter": null,
      "exotics": null
   },
   "iconResource": "shipbuildericons/ICO_GasCoreFissionReactorIV"
},
 {
   "dataName": "GasCoreFissionReactorV",
   "friendlyName": "Gas Core Fission Reactor V",
   "maxOutput_GW": 1650,
   "specificPower_tGW": 3.5,
   "powerPlantClass": "Gas_Core_Fission",
   "requiredProjectName": "Project_GasCoreFissionReactorV",
   "generalUse": true,
   "efficiency": 0.95,
   "crew": 6,
   "weightedBuildMaterials": {
      "water": 0.1,
      "volatiles": 0.1,
      "metals": 0.45,
      "nobleMetals": 0.3,
      "fissiles": 0.05,
      "antimatter": null,
      "exotics": null
   },
   "iconResource": "shipbuildericons/ICO_GasCoreFissionReactorV"
},
 {
   "dataName": "GasCoreFissionReactorVI",
   "friendlyName": "Gas Core Fission Reactor VI",
   "maxOutput_GW": 1650,
   "specificPower_tGW": 1,
   "powerPlantClass": "Gas_Core_Fission",
   "requiredProjectName": "Project_GasCoreFissionReactorVI",
   "generalUse": true,
   "efficiency": 0.96,
   "crew": 6,
   "weightedBuildMaterials": {
      "water": 0.1,
      "volatiles": 0.1,
      "metals": 0.45,
      "nobleMetals": 0.3,
      "fissiles": 0.05,
      "antimatter": null,
      "exotics": null
   },
   "iconResource": "shipbuildericons/ICO_GasCoreFissionReactorVI"
},
 {
   "dataName": "SaltWaterCoreReactorI",
   "friendlyName": "Salt Water Core Reactor I",
   "maxOutput_GW": 32000,
   "specificPower_tGW": 0.45,
   "powerPlantClass": "Salt_Water_Core",
   "requiredProjectName": "Project_SaltWaterCoreReactorI",
   "generalUse": false,
   "efficiency": 0.995,
   "crew": 24,
   "weightedBuildMaterials": {
      "water": 0.1,
      "volatiles": 0.1,
      "metals": 0.35,
      "nobleMetals": 0.4,
      "fissiles": 0.05,
      "antimatter": null,
      "exotics": null
   },
   "iconResource": "shipbuildericons/ICO_SaltWaterCoreReactorI"
},
 {
   "dataName": "SaltWaterCoreReactorII",
   "friendlyName": "Salt Water Core Reactor II",
   "maxOutput_GW": 230000,
   "specificPower_tGW": 0.08,
   "powerPlantClass": "Salt_Water_Core",
   "requiredProjectName": "Project_SaltWaterCoreReactorII",
   "generalUse": false,
   "efficiency": 0.995,
   "crew": 24,
   "weightedBuildMaterials": {
      "water": 0.1,
      "volatiles": 0.1,
      "metals": 0.3,
      "nobleMetals": 0.45,
      "fissiles": 0.05,
      "antimatter": null,
      "exotics": null
   },
   "iconResource": "shipbuildericons/ICO_SaltWaterCoreReactorII"
},
 {
   "dataName": "ElectrostaticConfinementFusionReactorI",
   "friendlyName": "Electrostatic Confinement Fusion Reactor I",
   "maxOutput_GW": 5,
   "specificPower_tGW": 2,
   "powerPlantClass": "Electrostatic_Confinement_Fusion",
   "requiredProjectName": "Project_ElectrostaticConfinementFusionReactorI",
   "generalUse": true,
   "efficiency": 0.95,
   "crew": 12,
   "weightedBuildMaterials": {
      "water": 0.02,
      "volatiles": 0.3,
      "metals": 0.5,
      "nobleMetals": 0.16,
      "fissiles": 0.02,
      "antimatter": null,
      "exotics": null
   },
   "iconResource": "shipbuildericons/ICO_ElectrostaticConfinementFusionReactorI"
},
 {
   "dataName": "ElectrostaticConfinementFusionReactorII",
   "friendlyName": "Electrostatic Confinement Fusion Reactor II",
   "maxOutput_GW": 25,
   "specificPower_tGW": 1,
   "powerPlantClass": "Electrostatic_Confinement_Fusion",
   "requiredProjectName": "Project_ElectrostaticConfinementFusionReactorII",
   "generalUse": true,
   "efficiency": 0.95,
   "crew": 12,
   "weightedBuildMaterials": {
      "water": 0.02,
      "volatiles": 0.3,
      "metals": 0.5,
      "nobleMetals": 0.16,
      "fissiles": 0.02,
      "antimatter": null,
      "exotics": null
   },
   "iconResource": "shipbuildericons/ICO_ElectrostaticConfinementFusionReactorII"
},
 {
   "dataName": "ElectrostaticConfinementFusionReactorIII",
   "friendlyName": "Electrostatic Confinement Fusion Reactor III",
   "maxOutput_GW": 80,
   "specificPower_tGW": 0.25,
   "powerPlantClass": "Electrostatic_Confinement_Fusion",
   "requiredProjectName": "Project_ElectrostaticConfinementFusionReactorIII",
   "generalUse": true,
   "efficiency": 0.95,
   "crew": 12,
   "weightedBuildMaterials": {
      "water": 0.02,
      "volatiles": 0.3,
      "metals": 0.5,
      "nobleMetals": 0.16,
      "fissiles": 0.02,
      "antimatter": null,
      "exotics": null
   },
   "iconResource": "shipbuildericons/ICO_ElectrostaticConfinementFusionReactorIII"
},
 {
   "dataName": "ZPinchFusionReactorI",
   "friendlyName": "Z-Pinch Fusion Reactor I",
   "maxOutput_GW": 110,
   "specificPower_tGW": 13,
   "powerPlantClass": "Z_Pinch_Fusion",
   "requiredProjectName": "Project_ZPinchFusionReactorI",
   "generalUse": false,
   "efficiency": 0.96,
   "crew": 12,
   "weightedBuildMaterials": {
      "water": 0.02,
      "volatiles": 0.2,
      "metals": 0.46,
      "nobleMetals": 0.3,
      "fissiles": 0.02,
      "antimatter": null,
      "exotics": null
   },
   "iconResource": "shipbuildericons/ICO_ZPinchFusionReactorI"
},
 {
   "dataName": "ZPinchFusionReactorII",
   "friendlyName": "Z-Pinch Fusion Reactor II",
   "maxOutput_GW": 220,
   "specificPower_tGW": 5,
   "powerPlantClass": "Z_Pinch_Fusion",
   "requiredProjectName": "Project_ZPinchFusionReactorII",
   "generalUse": false,
   "efficiency": 0.985,
   "crew": 12,
   "weightedBuildMaterials": {
      "water": 0.02,
      "volatiles": 0.2,
      "metals": 0.46,
      "nobleMetals": 0.3,
      "fissiles": 0.02,
      "antimatter": null,
      "exotics": null
   },
   "iconResource": "shipbuildericons/ICO_ZPinchFusionReactorII"
},
 {
   "dataName": "ZPinchFusionReactorIII",
   "friendlyName": "Z-Pinch Fusion Reactor III",
   "maxOutput_GW": 3500,
   "specificPower_tGW": 2,
   "powerPlantClass": "Z_Pinch_Fusion",
   "requiredProjectName": "Project_ZPinchFusionReactorIII",
   "generalUse": false,
   "efficiency": 0.99,
   "crew": 12,
   "weightedBuildMaterials": {
      "water": 0.025,
      "volatiles": 0.2,
      "metals": 0.45,
      "nobleMetals": 0.3,
      "fissiles": 0.025,
      "antimatter": null,
      "exotics": null
   },
   "iconResource": "shipbuildericons/ICO_ZPinchFusionReactorIII"
},
 {
   "dataName": "HybridConfinementFusionReactorI",
   "friendlyName": "Hybrid Confinement Fusion Reactor I",
   "maxOutput_GW": 2.5,
   "specificPower_tGW": 4,
   "powerPlantClass": "Hybrid_Confinement_Fusion",
   "requiredProjectName": "Project_HybridConfinementFusionReactorI",
   "generalUse": true,
   "efficiency": 0.97,
   "crew": 12,
   "weightedBuildMaterials": {
      "water": 0.02,
      "volatiles": 0.16,
      "metals": 0.4,
      "nobleMetals": 0.4,
      "fissiles": 0.02,
      "antimatter": null,
      "exotics": null
   },
   "iconResource": "shipbuildericons/ICO_HybridConfinementFusionReactorI"
},
 {
   "dataName": "HybridConfinementFusionReactorII",
   "friendlyName": "Hybrid Confinement Fusion Reactor II",
   "maxOutput_GW": 2000,
   "specificPower_tGW": 2,
   "powerPlantClass": "Hybrid_Confinement_Fusion",
   "requiredProjectName": "Project_HybridConfinementFusionReactorII",
   "generalUse": true,
   "efficiency": 0.98,
   "crew": 12,
   "weightedBuildMaterials": {
      "water": 0.02,
      "volatiles": 0.16,
      "metals": 0.4,
      "nobleMetals": 0.4,
      "fissiles": 0.02,
      "antimatter": null,
      "exotics": null
   },
   "iconResource": "shipbuildericons/ICO_HybridConfinementFusionReactorII"
},
 {
   "dataName": "HybridConfinementFusionReactorIII",
   "friendlyName": "Hybrid Confinement Fusion Reactor III",
   "maxOutput_GW": 20000,
   "specificPower_tGW": 1,
   "powerPlantClass": "Hybrid_Confinement_Fusion",
   "requiredProjectName": "Project_HybridConfinementFusionReactorIII",
   "generalUse": true,
   "efficiency": 0.99,
   "crew": 12,
   "weightedBuildMaterials": {
      "water": 0.02,
      "volatiles": 0.16,
      "metals": 0.4,
      "nobleMetals": 0.4,
      "fissiles": 0.02,
      "antimatter": null,
      "exotics": null
   },
   "iconResource": "shipbuildericons/ICO_HybridConfinementFusionReactorIII"
},
 {
   "dataName": "AlienHybridConfinementFusionReactor",
   "friendlyName": "Alien Hybrid Confinement Fusion Reactor",
   "maxOutput_GW": 20000,
   "specificPower_tGW": 1,
   "powerPlantClass": "Hybrid_Confinement_Fusion",
   "requiredProjectName": "Project_AlienMasterProject",
   "generalUse": true,
   "efficiency": 0.99,
   "crew": 4,
   "weightedBuildMaterials": {
      "water": 0.02,
      "volatiles": 0.16,
      "metals": 0.4,
      "nobleMetals": 0.4,
      "fissiles": 0.02,
      "antimatter": null,
      "exotics": null
   },
   "iconResource": "shipbuildericons/ICO_AlienHybridConfinementFusionReactor"
},
 {
   "dataName": "FusionTokamakI",
   "friendlyName": "Fusion Tokamak I",
   "maxOutput_GW": 30,
   "specificPower_tGW": 28,
   "powerPlantClass": "Toroid_Magnetic_Confinement_Fusion",
   "requiredProjectName": "Project_FusionTokamakI",
   "generalUse": true,
   "efficiency": 0.85,
   "crew": 16,
   "weightedBuildMaterials": {
      "water": 0.02,
      "volatiles": 0.3,
      "metals": 0.5,
      "nobleMetals": 0.16,
      "fissiles": 0.02,
      "antimatter": null,
      "exotics": null
   },
   "iconResource": "shipbuildericons/ICO_FusionTokamakI"
},
 {
   "dataName": "FusionTokamakII",
   "friendlyName": "Fusion Tokamak II",
   "maxOutput_GW": 30,
   "specificPower_tGW": 14,
   "powerPlantClass": "Toroid_Magnetic_Confinement_Fusion",
   "requiredProjectName": "Project_FusionTokamakII",
   "generalUse": true,
   "efficiency": 0.88,
   "crew": 12,
   "weightedBuildMaterials": {
      "water": 0.02,
      "volatiles": 0.3,
      "metals": 0.5,
      "nobleMetals": 0.16,
      "fissiles": 0.02,
      "antimatter": null,
      "exotics": null
   },
   "iconResource": "shipbuildericons/ICO_FusionTokamakII"
},
 {
   "dataName": "FusionTokamakIII",
   "friendlyName": "Fusion Tokamak III",
   "maxOutput_GW": 212,
   "specificPower_tGW": 10,
   "powerPlantClass": "Toroid_Magnetic_Confinement_Fusion",
   "requiredProjectName": "Project_FusionTokamakIII",
   "generalUse": true,
   "efficiency": 0.92,
   "crew": 10,
   "weightedBuildMaterials": {
      "water": 0.02,
      "volatiles": 0.3,
      "metals": 0.5,
      "nobleMetals": 0.16,
      "fissiles": 0.02,
      "antimatter": null,
      "exotics": null
   },
   "iconResource": "shipbuildericons/ICO_FusionTokamakIII"
},
 {
   "dataName": "FusionTokamakIV",
   "friendlyName": "Fusion Tokamak IV",
   "maxOutput_GW": 1200,
   "specificPower_tGW": 4,
   "powerPlantClass": "Toroid_Magnetic_Confinement_Fusion",
   "requiredProjectName": "Project_FusionTokamakIV",
   "generalUse": true,
   "efficiency": 0.935,
   "crew": 10,
   "weightedBuildMaterials": {
      "water": 0.02,
      "volatiles": 0.3,
      "metals": 0.5,
      "nobleMetals": 0.16,
      "fissiles": 0.02,
      "antimatter": null,
      "exotics": null
   },
   "iconResource": "shipbuildericons/ICO_FusionTokamakIV"
},
 {
   "dataName": "FusionTokamakV",
   "friendlyName": "Fusion Tokamak V",
   "maxOutput_GW": 4800,
   "specificPower_tGW": 1,
   "powerPlantClass": "Toroid_Magnetic_Confinement_Fusion",
   "requiredProjectName": "Project_FusionTokamakV",
   "generalUse": true,
   "efficiency": 0.985,
   "crew": 10,
   "weightedBuildMaterials": {
      "water": 0.02,
      "volatiles": 0.3,
      "metals": 0.5,
      "nobleMetals": 0.16,
      "fissiles": 0.02,
      "antimatter": null,
      "exotics": null
   },
   "iconResource": "shipbuildericons/ICO_FusionTokamakV"
},
 {
   "dataName": "FlowStabilizedZPinchFusionReactor",
   "friendlyName": "Flow Stabilized Z-Pinch Fusion Reactor",
   "maxOutput_GW": 300000,
   "specificPower_tGW": 0.0068,
   "powerPlantClass": "Z_Pinch_Fusion",
   "requiredProjectName": "Project_FlowStabilizedZPinchFusionReactor",
   "generalUse": false,
   "efficiency": 0.995,
   "crew": 12,
   "weightedBuildMaterials": {
      "water": 0.02,
      "volatiles": 0.2,
      "metals": 0.45,
      "nobleMetals": 0.3,
      "fissiles": 0.02,
      "antimatter": null,
      "exotics": 0.01
   },
   "iconResource": "shipbuildericons/ICO_FlowStabilizedZPinchFusionReactor"
},
 {
   "dataName": "MirrorCellFusionReactorI",
   "friendlyName": "Mirror Cell Fusion Reactor I",
   "maxOutput_GW": 60,
   "specificPower_tGW": 13.4,
   "powerPlantClass": "Mirrored_Magnetic_Confinement_Fusion",
   "requiredProjectName": "Project_MirrorCellFusionReactorI",
   "generalUse": true,
   "efficiency": 0.93,
   "crew": 12,
   "weightedBuildMaterials": {
      "water": 0.02,
      "volatiles": 0.2,
      "metals": 0.52,
      "nobleMetals": 0.24,
      "fissiles": 0.02,
      "antimatter": null,
      "exotics": null
   },
   "iconResource": "shipbuildericons/ICO_MirrorCellFusionReactorI"
},
 {
   "dataName": "MirrorCellFusionReactorII",
   "friendlyName": "Mirror Cell Fusion Reactor II",
   "maxOutput_GW": 360,
   "specificPower_tGW": 6.5,
   "powerPlantClass": "Mirrored_Magnetic_Confinement_Fusion",
   "requiredProjectName": "Project_MirrorCellFusionReactorII",
   "generalUse": true,
   "efficiency": 0.95,
   "crew": 10,
   "weightedBuildMaterials": {
      "water": 0.02,
      "volatiles": 0.2,
      "metals": 0.52,
      "nobleMetals": 0.24,
      "fissiles": 0.02,
      "antimatter": null,
      "exotics": null
   },
   "iconResource": "shipbuildericons/ICO_MirrorCellFusionReactorII"
},
 {
   "dataName": "MirrorCellFusionReactorIII",
   "friendlyName": "Mirror Cell Fusion Reactor III",
   "maxOutput_GW": 1400,
   "specificPower_tGW": 1.2,
   "powerPlantClass": "Mirrored_Magnetic_Confinement_Fusion",
   "requiredProjectName": "Project_MirrorCellFusionReactorIII",
   "generalUse": true,
   "efficiency": 0.98,
   "crew": 8,
   "weightedBuildMaterials": {
      "water": 0.02,
      "volatiles": 0.2,
      "metals": 0.52,
      "nobleMetals": 0.24,
      "fissiles": 0.02,
      "antimatter": null,
      "exotics": null
   },
   "iconResource": "shipbuildericons/ICO_MirrorCellFusionReactorIII"
},
 {
   "dataName": "InertialConfinementFusionReactorI",
   "friendlyName": "Inertial Confinement Fusion Reactor I",
   "maxOutput_GW": 5,
   "specificPower_tGW": 17.6,
   "powerPlantClass": "Inertial_Confinement_Fusion",
   "requiredProjectName": "Project_InertialConfinementFusionReactorI",
   "generalUse": true,
   "efficiency": 0.85,
   "crew": 16,
   "weightedBuildMaterials": {
      "water": 0.02,
      "volatiles": 0.15,
      "metals": 0.46,
      "nobleMetals": 0.35,
      "fissiles": 0.02,
      "antimatter": null,
      "exotics": null
   },
   "iconResource": "shipbuildericons/ICO_InertialConfinementFusionReactorI"
},
 {
   "dataName": "InertialConfinementFusionReactorII",
   "friendlyName": "Inertial Confinement Fusion Reactor II",
   "maxOutput_GW": 30,
   "specificPower_tGW": 12,
   "powerPlantClass": "Inertial_Confinement_Fusion",
   "requiredProjectName": "Project_InertialConfinementFusionReactorII",
   "generalUse": true,
   "efficiency": 0.87,
   "crew": 12,
   "weightedBuildMaterials": {
      "water": 0.02,
      "volatiles": 0.15,
      "metals": 0.46,
      "nobleMetals": 0.35,
      "fissiles": 0.02,
      "antimatter": null,
      "exotics": null
   },
   "iconResource": "shipbuildericons/ICO_InertialConfinementFusionReactorII"
},
 {
   "dataName": "InertialConfinementFusionReactorIII",
   "friendlyName": "Inertial Confinement Fusion Reactor III",
   "maxOutput_GW": 200,
   "specificPower_tGW": 10,
   "powerPlantClass": "Inertial_Confinement_Fusion",
   "requiredProjectName": "Project_InertialConfinementFusionReactorIII",
   "generalUse": true,
   "efficiency": 0.89,
   "crew": 12,
   "weightedBuildMaterials": {
      "water": 0.02,
      "volatiles": 0.15,
      "metals": 0.46,
      "nobleMetals": 0.35,
      "fissiles": 0.02,
      "antimatter": null,
      "exotics": null
   },
   "iconResource": "shipbuildericons/ICO_InertialConfinementFusionReactorIII"
},
 {
   "dataName": "InertialConfinementFusionReactorIV",
   "friendlyName": "Inertial Confinement Fusion Reactor IV",
   "maxOutput_GW": 650,
   "specificPower_tGW": 20,
   "powerPlantClass": "Inertial_Confinement_Fusion",
   "requiredProjectName": "Project_InertialConfinementFusionReactorIV",
   "generalUse": true,
   "efficiency": 0.975,
   "crew": 12,
   "weightedBuildMaterials": {
      "water": 0.02,
      "volatiles": 0.15,
      "metals": 0.46,
      "nobleMetals": 0.35,
      "fissiles": 0.02,
      "antimatter": null,
      "exotics": null
   },
   "iconResource": "shipbuildericons/ICO_InertialConfinementFusionReactorIV"
},
 {
   "dataName": "InertialConfinementFusionReactorV",
   "friendlyName": "Inertial Confinement Fusion Reactor V",
   "maxOutput_GW": 10000,
   "specificPower_tGW": 1,
   "powerPlantClass": "Inertial_Confinement_Fusion",
   "requiredProjectName": "Project_InertialConfinementFusionReactorV",
   "generalUse": true,
   "efficiency": 0.95,
   "crew": 10,
   "weightedBuildMaterials": {
      "water": 0.02,
      "volatiles": 0.15,
      "metals": 0.46,
      "nobleMetals": 0.35,
      "fissiles": 0.02,
      "antimatter": null,
      "exotics": null
   },
   "iconResource": "shipbuildericons/ICO_InertialConfinementFusionReactorV"
},
 {
   "dataName": "InertialConfinementFusionReactorVI",
   "friendlyName": "Inertial Confinement Fusion Reactor VI",
   "maxOutput_GW": 22000,
   "specificPower_tGW": 0.068,
   "powerPlantClass": "Inertial_Confinement_Fusion",
   "requiredProjectName": "Project_InertialConfinementFusionReactorVI",
   "generalUse": true,
   "efficiency": 0.99,
   "crew": 10,
   "weightedBuildMaterials": {
      "water": 0.02,
      "volatiles": 0.15,
      "metals": 0.45,
      "nobleMetals": 0.35,
      "fissiles": 0.02,
      "antimatter": null,
      "exotics": 0.01
   },
   "iconResource": "shipbuildericons/ICO_InertialConfinementFusionReactorVI"
},
 {
   "dataName": "InertialConfinementFusionReactorVII",
   "friendlyName": "Inertial Confinement Fusion Reactor VII",
   "maxOutput_GW": 3000000,
   "specificPower_tGW": 0.002,
   "powerPlantClass": "Inertial_Confinement_Fusion",
   "requiredProjectName": "Project_InertialConfinementFusionReactorVII",
   "generalUse": true,
   "efficiency": 0.999,
   "crew": 10,
   "weightedBuildMaterials": {
      "water": 0.02,
      "volatiles": 0.15,
      "metals": 0.45,
      "nobleMetals": 0.34,
      "fissiles": 0.02,
      "antimatter": null,
      "exotics": 0.02
   },
   "iconResource": "shipbuildericons/ICO_InertialConfinementFusionReactorVII"
},
 {
   "dataName": "AntimatterPlasmaCoreReactorI",
   "friendlyName": "Antimatter Plasma Core Reactor I",
   "maxOutput_GW": 1200,
   "specificPower_tGW": 0.45,
   "powerPlantClass": "Antimatter_Plasma_Core",
   "requiredProjectName": "Project_AntimatterPlasmaCoreReactorI",
   "generalUse": true,
   "efficiency": 0.9975,
   "crew": 12,
   "weightedBuildMaterials": {
      "water": null,
      "volatiles": 0.3,
      "metals": 0.48,
      "nobleMetals": 0.2,
      "fissiles": null,
      "antimatter": 0.02,
      "exotics": null
   },
   "iconResource": "shipbuildericons/ICO_AntimatterPlasmaCoreReactorI"
},
 {
   "dataName": "AntimatterPlasmaCoreReactorII",
   "friendlyName": "Antimatter Plasma Core Reactor II",
   "maxOutput_GW": 7250,
   "specificPower_tGW": 0.05,
   "powerPlantClass": "Antimatter_Plasma_Core",
   "requiredProjectName": "Project_AntimatterPlasmaCoreReactorII",
   "generalUse": true,
   "efficiency": 0.9975,
   "crew": 12,
   "weightedBuildMaterials": {
      "water": null,
      "volatiles": 0.3,
      "metals": 0.48,
      "nobleMetals": 0.2,
      "fissiles": null,
      "antimatter": 0.02,
      "exotics": null
   },
   "iconResource": "shipbuildericons/ICO_AntimatterPlasmaCoreReactorII"
},
 {
   "dataName": "AntimatterPlasmaCoreReactorIII",
   "friendlyName": "Antimatter Plasma Core Reactor III",
   "maxOutput_GW": 42000,
   "specificPower_tGW": 0.005,
   "powerPlantClass": "Antimatter_Plasma_Core",
   "requiredProjectName": "Project_AntimatterPlasmaCoreReactorIII",
   "generalUse": true,
   "efficiency": 0.9975,
   "crew": 12,
   "weightedBuildMaterials": {
      "water": null,
      "volatiles": 0.32,
      "metals": 0.45,
      "nobleMetals": 0.2,
      "fissiles": null,
      "antimatter": 0.02,
      "exotics": 0.01
   },
   "iconResource": "shipbuildericons/ICO_AntimatterPlasmaCoreReactorIII"
},
 {
   "dataName": "AntimatterBeamCoreReactor",
   "friendlyName": "Antimatter Beam Core Reactor",
   "maxOutput_GW": 3000000,
   "specificPower_tGW": 0.00002,
   "powerPlantClass": "Antimatter_Beam_Core",
   "requiredProjectName": "Project_AntimatterBeamCoreReactor",
   "generalUse": true,
   "efficiency": 0.9975,
   "crew": 12,
   "weightedBuildMaterials": {
      "water": null,
      "volatiles": 0.3,
      "metals": 0.3,
      "nobleMetals": 0.3,
      "fissiles": null,
      "antimatter": 0.05,
      "exotics": 0.05
   },
   "iconResource": "shipbuildericons/ICO_AntimatterBeamCoreReactor"
}
]