[
 {
   "dataName": "SkirmishModeStart",
   "year": 2020,
   "month": 2,
   "day": 16,
   "hour": 0,
   "minute": 0,
   "second": 0,
   "bonusMoney": 0,
   "bonusInfluence": 0,
   "bonusOps": 0,
   "bonusBoost": 0,
   "bonusMissionControl": 0,
   "bonusWater": 0,
   "bonusVolatiles": 0,
   "bonusMetals": 0,
   "bonusNobles": 0,
   "bonusFissiles": 0,
   "bonusAntimatter": 0,
   "bonusExotics": 0,
   "initialCrashdownRegionTemplateName": "random",
   "initialAtmosphericCO2_ppm": 280,
   "initialAtmosphericCH4_ppm": 0.75,
   "initialAtmosphericN2O_ppm": 0.27,
   "initialStratosphericAerosols_ppm": 0,
   "initialGlobalSeaLevelAnomaly_cm": 0,
   "startingTechs": [
      "WeAreNotAlone",
      "Skywatch",
      "MissionToSpace"
   ],
   "globalTechsCompleted": [
      "",
      "",
      "",
      "",
      "",
      "",
      ""
   ],
   "projectsCompleted": [
      "",
      "",
      "",
      "",
      "",
      "",
      "",
      "",
      "",
      "",
      "",
      ""
   ],
   "startingShipDesigns": [
      ""
   ]
},
 {
   "dataName": "2030AugustStart",
   "year": 2022,
   "month": 4,
   "day": 27,
   "hour": 23,
   "minute": 59,
   "second": 59,
   "bonusMoney": 800,
   "bonusInfluence": 10,
   "bonusOps": 0,
   "bonusBoost": 200,
   "bonusMissionControl": 85,
   "bonusWater": 1200,
   "bonusVolatiles": 500,
   "bonusMetals": 1000,
   "bonusNobles": 500,
   "bonusFissiles": 10,
   "bonusAntimatter": 0,
   "bonusExotics": 0,
   "initialCrashdownRegionTemplateName": "WesternSiberia",
   "initialAtmosphericCO2_ppm": 443,
   "initialAtmosphericCH4_ppm": 1.98,
   "initialAtmosphericN2O_ppm": 0.3386,
   "initialStratosphericAerosols_ppm": 0,
   "initialGlobalSeaLevelAnomaly_cm": 28,
   "startingTechs": [
      "WeAreNotAlone",
      "AdvancedMagnetics",
      "AdvancedCarbonManipulation"
   ],
   "globalTechsCompleted": [
      "MissionToSpace",
      "OrbitalShipbuilding",
      "ArmedSpacecraft",
      "MissiontotheMoon",
      "MissiontoMars",
      "Skywatch",
      "DeepSystemSkywatch"
   ],
   "projectsCompleted": [
      "Project_Solid-FuelSpaceRockets",
      "Project_Liquid-FuelRockets",
      "Project_CryogenicLiquid-FuelRockets",
      "Project_SpaceDock",
      "Project_Warships",
      "Project_SupplyDepot",
      "Project_LifeScienceLab",
      "Project_MaterialsLab",
      "Project_PlatformCore",
      "Project_SolarCollector",
      "Project_SpaceScienceLab",
      "Project_720cmGreenArcLaserCannon"
   ],
   "startingShipDesigns": [
      "Ship12"
   ]
},
 {
   "dataName": "ModernDayStart",
   "year": 2022,
   "month": 9,
   "day": 30,
   "hour": 23,
   "minute": 59,
   "second": 59,
   "bonusMoney": 0,
   "bonusInfluence": 0,
   "bonusOps": 0,
   "bonusBoost": 0,
   "bonusMissionControl": 0,
   "bonusWater": 0,
   "bonusVolatiles": 0,
   "bonusMetals": 0,
   "bonusNobles": 0,
   "bonusFissiles": 0,
   "bonusAntimatter": 0,
   "bonusExotics": 0,
   "initialCrashdownRegionTemplateName": "random",
   "initialAtmosphericCO2_ppm": 419,
   "initialAtmosphericCH4_ppm": 1.91,
   "initialAtmosphericN2O_ppm": 0.3348,
   "initialStratosphericAerosols_ppm": 0,
   "initialGlobalSeaLevelAnomaly_cm": 24,
   "startingTechs": [
      "WeAreNotAlone",
      "Skywatch",
      "MissionToSpace"
   ],
   "globalTechsCompleted": [
      "",
      "",
      "",
      "",
      "",
      "",
      ""
   ],
   "projectsCompleted": [
      "Project_Solid-FuelSpaceRockets",
      "Project_Liquid-FuelRockets",
      "Project_CryogenicLiquid-FuelRockets",
      "Project_LifeScienceLab",
      "Project_MaterialsLab",
      "Project_PlatformCore",
      "Project_SolarCollector",
      "Project_SpaceScienceLab",
      "",
      "",
      "",
      ""
   ],
   "startingShipDesigns": [
      ""
   ]
}
]