[
 {
   "dataName": "ISRUModule",
   "friendlyName": "ISRU Module",
   "crew": 5,
   "mass_tons": 40,
   "grouping": 0,
   "requiredProjectName": "Project_ISRUModule",
   "powerRequirement_MW": 0,
   "laserPowerBonus_MW": 0,
   "thrustMultiplier": 1,
   "EVMultiplier": 1,
   "requiresHydrogenPropellant": null,
   "requiresNuclearDrive": null,
   "requiresFusionDrive": null,
   "weightedBuildMaterials": {
      "water": 0.3,
      "volatiles": 0.34,
      "metals": 0.34,
      "nobleMetals": 0.02,
      "fissiles": null,
      "antimatter": null,
      "exotics": null
   },
   "specialModuleRules": [
      "RefuelFromUnimprovedSites",
      "",
      ""
   ],
   "iconResource": "shipbuildericons/ICO_ISRUModule",
   "modelResource": ""
},
 {
   "dataName": "RemassScoop",
   "friendlyName": "Remass Scoop",
   "crew": 1,
   "mass_tons": 40,
   "grouping": 1,
   "requiredProjectName": "Project_RemassScoop",
   "powerRequirement_MW": 0,
   "laserPowerBonus_MW": 0,
   "thrustMultiplier": 1,
   "EVMultiplier": 1,
   "requiresHydrogenPropellant": null,
   "requiresNuclearDrive": null,
   "requiresFusionDrive": null,
   "weightedBuildMaterials": {
      "water": null,
      "volatiles": 0.1,
      "metals": 0.5,
      "nobleMetals": 0.4,
      "fissiles": null,
      "antimatter": null,
      "exotics": null
   },
   "specialModuleRules": [
      "ImmunetoAerobrakingDamage",
      "RefuelFromAtmospheres",
      ""
   ],
   "iconResource": "shipbuildericons/ICO_RemassScoop",
   "modelResource": ""
},
 {
   "dataName": "MuonSpiker",
   "friendlyName": "Muon Spiker",
   "crew": 3,
   "mass_tons": 40,
   "grouping": 3,
   "requiredProjectName": "Project_MuonSpiker",
   "powerRequirement_MW": 0,
   "laserPowerBonus_MW": 0,
   "thrustMultiplier": 1.2,
   "EVMultiplier": 1,
   "requiresHydrogenPropellant": null,
   "requiresNuclearDrive": true,
   "requiresFusionDrive": true,
   "weightedBuildMaterials": {
      "water": 0.1,
      "volatiles": 0.2,
      "metals": 0.325,
      "nobleMetals": 0.35,
      "fissiles": 0.00002,
      "antimatter": null,
      "exotics": null
   },
   "specialModuleRules": [
      "",
      "",
      ""
   ],
   "iconResource": "shipbuildericons/ICO_MuonSpiker",
   "modelResource": ""
},
 {
   "dataName": "NeutroniumSpiker",
   "friendlyName": "Neutronium Spiker",
   "crew": 3,
   "mass_tons": 40,
   "grouping": 3,
   "requiredProjectName": "Project_NeutroniumSpiker",
   "powerRequirement_MW": 0,
   "laserPowerBonus_MW": 0,
   "thrustMultiplier": 1.35,
   "EVMultiplier": 1,
   "requiresHydrogenPropellant": null,
   "requiresNuclearDrive": true,
   "requiresFusionDrive": null,
   "weightedBuildMaterials": {
      "water": 0.1,
      "volatiles": 0.2,
      "metals": 0.3,
      "nobleMetals": 0.35,
      "fissiles": 0.00005,
      "antimatter": null,
      "exotics": null
   },
   "specialModuleRules": [
      "",
      "",
      ""
   ],
   "iconResource": "shipbuildericons/ICO_NeutroniumSpiker",
   "modelResource": ""
},
 {
   "dataName": "AntimatterSpiker",
   "friendlyName": "Antimatter Spiker",
   "crew": 3,
   "mass_tons": 40,
   "grouping": 3,
   "requiredProjectName": "Project_AntimatterSpiker",
   "powerRequirement_MW": 0,
   "laserPowerBonus_MW": 0,
   "thrustMultiplier": 1.5,
   "EVMultiplier": 1,
   "requiresHydrogenPropellant": null,
   "requiresNuclearDrive": true,
   "requiresFusionDrive": null,
   "weightedBuildMaterials": {
      "water": 0.1,
      "volatiles": 0.2,
      "metals": 0.3,
      "nobleMetals": 0.35,
      "fissiles": 0.00004,
      "antimatter": 5e-8,
      "exotics": null
   },
   "specialModuleRules": [
      "",
      "",
      ""
   ],
   "iconResource": "shipbuildericons/ICO_AntimatterSpiker",
   "modelResource": ""
},
 {
   "dataName": "MobileSpaceScienceLab",
   "friendlyName": "Mobile Space Science Lab",
   "crew": 12,
   "mass_tons": 200,
   "grouping": -1,
   "requiredProjectName": "Project_MobileSpaceScienceLab",
   "powerRequirement_MW": 1,
   "laserPowerBonus_MW": 0,
   "thrustMultiplier": 1,
   "EVMultiplier": 1,
   "requiresHydrogenPropellant": null,
   "requiresNuclearDrive": null,
   "requiresFusionDrive": null,
   "weightedBuildMaterials": {
      "water": 0.05,
      "volatiles": 0.1,
      "metals": 0.65,
      "nobleMetals": 0.2,
      "fissiles": null,
      "antimatter": null,
      "exotics": null
   },
   "specialModuleRules": [
      "GenerateSpaceScienceBonus",
      "Prospector",
      ""
   ],
   "iconResource": "shipbuildericons/ICO_MobileSpaceScienceLab",
   "modelResource": ""
},
 {
   "dataName": "RepairBay",
   "friendlyName": "Repair Bay",
   "crew": 10,
   "mass_tons": 500,
   "grouping": -1,
   "requiredProjectName": "Project_RepairBay",
   "powerRequirement_MW": 0,
   "laserPowerBonus_MW": 0,
   "thrustMultiplier": 1,
   "EVMultiplier": 1,
   "requiresHydrogenPropellant": null,
   "requiresNuclearDrive": null,
   "requiresFusionDrive": null,
   "weightedBuildMaterials": {
      "water": 0.05,
      "volatiles": 0.2,
      "metals": 0.5,
      "nobleMetals": 0.25,
      "fissiles": null,
      "antimatter": null,
      "exotics": null
   },
   "specialModuleRules": [
      "Repair",
      "",
      ""
   ],
   "iconResource": "shipbuildericons/ICO_RepairBay",
   "modelResource": ""
},
 {
   "dataName": "MarineAssaultUnit",
   "friendlyName": "Marine Assault Unit",
   "crew": 30,
   "mass_tons": 200,
   "grouping": -1,
   "requiredProjectName": "Project_MarineAssaultUnit",
   "powerRequirement_MW": 0,
   "laserPowerBonus_MW": 0,
   "thrustMultiplier": 1,
   "EVMultiplier": 1,
   "requiresHydrogenPropellant": null,
   "requiresNuclearDrive": null,
   "requiresFusionDrive": null,
   "weightedBuildMaterials": {
      "water": 0.05,
      "volatiles": 0.4,
      "metals": 0.3,
      "nobleMetals": 0.25,
      "fissiles": null,
      "antimatter": null,
      "exotics": null
   },
   "specialModuleRules": [
      "Marines",
      "",
      ""
   ],
   "iconResource": "shipbuildericons/ICO_MarineAssaultUnit",
   "modelResource": ""
},
 {
   "dataName": "AdvancedMarineAssaultUnit",
   "friendlyName": "Advanced Marine Assault Unit",
   "crew": 30,
   "mass_tons": 200,
   "grouping": -1,
   "requiredProjectName": "Project_AdvancedMarineAssaultUnit",
   "powerRequirement_MW": 0,
   "laserPowerBonus_MW": 0,
   "thrustMultiplier": 1,
   "EVMultiplier": 1,
   "requiresHydrogenPropellant": null,
   "requiresNuclearDrive": null,
   "requiresFusionDrive": null,
   "weightedBuildMaterials": {
      "water": 0.05,
      "volatiles": 0.4,
      "metals": 0.3,
      "nobleMetals": 0.25,
      "fissiles": null,
      "antimatter": null,
      "exotics": null
   },
   "specialModuleRules": [
      "AdvancedMarines",
      "",
      ""
   ],
   "iconResource": "shipbuildericons/ICO_AdvancedMarineAssaultUnit",
   "modelResource": ""
},
 {
   "dataName": "EliteMarineAssaultUnit",
   "friendlyName": "Elite Marine Assault Unit",
   "crew": 30,
   "mass_tons": 200,
   "grouping": -1,
   "requiredProjectName": "Project_EliteMarineAssaultUnit",
   "powerRequirement_MW": 0,
   "laserPowerBonus_MW": 0,
   "thrustMultiplier": 1,
   "EVMultiplier": 1,
   "requiresHydrogenPropellant": null,
   "requiresNuclearDrive": null,
   "requiresFusionDrive": null,
   "weightedBuildMaterials": {
      "water": 0.05,
      "volatiles": 0.4,
      "metals": 0.3,
      "nobleMetals": 0.25,
      "fissiles": null,
      "antimatter": null,
      "exotics": null
   },
   "specialModuleRules": [
      "EliteMarines",
      "",
      ""
   ],
   "iconResource": "shipbuildericons/ICO_EliteMarineAssaultUnit",
   "modelResource": ""
},
 {
   "dataName": "LaserEngine",
   "friendlyName": "Laser Engine",
   "crew": 3,
   "mass_tons": 25,
   "grouping": -1,
   "requiredProjectName": "Project_LaserEngine",
   "powerRequirement_MW": 5,
   "laserPowerBonus_MW": 5,
   "thrustMultiplier": 1,
   "EVMultiplier": 1,
   "requiresHydrogenPropellant": null,
   "requiresNuclearDrive": null,
   "requiresFusionDrive": null,
   "weightedBuildMaterials": {
      "water": null,
      "volatiles": 0.3,
      "metals": 0.35,
      "nobleMetals": 0.35,
      "fissiles": null,
      "antimatter": null,
      "exotics": null
   },
   "specialModuleRules": [
      "",
      "",
      ""
   ],
   "iconResource": "shipbuildericons/ICO_LaserEngine",
   "modelResource": ""
},
 {
   "dataName": "AdvancedLaserEngine",
   "friendlyName": "Advanced Laser Engine",
   "crew": 3,
   "mass_tons": 50,
   "grouping": -1,
   "requiredProjectName": "Project_AdvancedLaserEngine",
   "powerRequirement_MW": 10,
   "laserPowerBonus_MW": 10,
   "thrustMultiplier": 1,
   "EVMultiplier": 1,
   "requiresHydrogenPropellant": null,
   "requiresNuclearDrive": null,
   "requiresFusionDrive": null,
   "weightedBuildMaterials": {
      "water": null,
      "volatiles": 0.3,
      "metals": 0.35,
      "nobleMetals": 0.35,
      "fissiles": null,
      "antimatter": null,
      "exotics": null
   },
   "specialModuleRules": [
      "",
      "",
      ""
   ],
   "iconResource": "shipbuildericons/ICO_AdvancedLaserEngine",
   "modelResource": ""
},
 {
   "dataName": "LiquidHydrogenContainment",
   "friendlyName": "Liquid Hydrogen Containment",
   "crew": 3,
   "mass_tons": 5,
   "grouping": 4,
   "requiredProjectName": "Project_LiquidHydrogenContainment",
   "powerRequirement_MW": 0,
   "laserPowerBonus_MW": 0,
   "thrustMultiplier": 1,
   "EVMultiplier": 1.1,
   "requiresHydrogenPropellant": true,
   "requiresNuclearDrive": null,
   "requiresFusionDrive": null,
   "weightedBuildMaterials": {
      "water": null,
      "volatiles": 0.35,
      "metals": 0.35,
      "nobleMetals": 0.3,
      "fissiles": null,
      "antimatter": null,
      "exotics": null
   },
   "specialModuleRules": [
      "",
      "",
      ""
   ],
   "iconResource": "shipbuildericons/ICO_LiquidHydrogenContainment",
   "modelResource": ""
},
 {
   "dataName": "SlushHydrogenTankage",
   "friendlyName": "Slush Hydrogen Tankage",
   "crew": 3,
   "mass_tons": 10,
   "grouping": 4,
   "requiredProjectName": "Project_SlushHydrogenTankage",
   "powerRequirement_MW": 0,
   "laserPowerBonus_MW": 0,
   "thrustMultiplier": 1,
   "EVMultiplier": 1.5,
   "requiresHydrogenPropellant": true,
   "requiresNuclearDrive": null,
   "requiresFusionDrive": null,
   "weightedBuildMaterials": {
      "water": null,
      "volatiles": 0.35,
      "metals": 0.35,
      "nobleMetals": 0.3,
      "fissiles": null,
      "antimatter": null,
      "exotics": null
   },
   "specialModuleRules": [
      "",
      "",
      ""
   ],
   "iconResource": "shipbuildericons/ICO_SlushHydrogenTankage",
   "modelResource": ""
},
 {
   "dataName": "HydronTrap",
   "friendlyName": "Hydron Trap",
   "crew": 3,
   "mass_tons": 20,
   "grouping": 4,
   "requiredProjectName": "Project_HydronTrap",
   "powerRequirement_MW": 0,
   "laserPowerBonus_MW": 0,
   "thrustMultiplier": 1,
   "EVMultiplier": 2,
   "requiresHydrogenPropellant": true,
   "requiresNuclearDrive": null,
   "requiresFusionDrive": null,
   "weightedBuildMaterials": {
      "water": null,
      "volatiles": 0.25,
      "metals": 0.35,
      "nobleMetals": 0.35,
      "fissiles": null,
      "antimatter": null,
      "exotics": 0.05
   },
   "specialModuleRules": [
      "",
      "",
      ""
   ],
   "iconResource": "shipbuildericons/ICO_HydronTrap",
   "modelResource": ""
},
 {
   "dataName": "Magazine",
   "friendlyName": "Magazine",
   "crew": 3,
   "mass_tons": 100,
   "grouping": -1,
   "requiredProjectName": "Project_Magazine",
   "powerRequirement_MW": 0,
   "laserPowerBonus_MW": 0,
   "thrustMultiplier": 1,
   "EVMultiplier": 1,
   "requiresHydrogenPropellant": null,
   "requiresNuclearDrive": null,
   "requiresFusionDrive": null,
   "weightedBuildMaterials": {
      "water": null,
      "volatiles": 0.1,
      "metals": 0.8,
      "nobleMetals": 0.1,
      "fissiles": null,
      "antimatter": null,
      "exotics": null
   },
   "specialModuleRules": [
      "Magazine",
      "",
      ""
   ],
   "iconResource": "shipbuildericons/ICO_Magazine",
   "modelResource": ""
},
 {
   "dataName": "ComponentArmor",
   "friendlyName": "Component Armor",
   "crew": 0,
   "mass_tons": 500,
   "grouping": 2,
   "requiredProjectName": "Project_ComponentArmor",
   "powerRequirement_MW": 0,
   "laserPowerBonus_MW": 0,
   "thrustMultiplier": 1,
   "EVMultiplier": 1,
   "requiresHydrogenPropellant": null,
   "requiresNuclearDrive": null,
   "requiresFusionDrive": null,
   "weightedBuildMaterials": {
      "water": null,
      "volatiles": 0.5,
      "metals": 0.5,
      "nobleMetals": null,
      "fissiles": null,
      "antimatter": null,
      "exotics": null
   },
   "specialModuleRules": [
      "ComponentArmor",
      "",
      ""
   ],
   "iconResource": "shipbuildericons/ICO_ComponentArmor",
   "modelResource": ""
},
 {
   "dataName": "SolarPlatformKit",
   "friendlyName": "Solar Platform Kit",
   "crew": 3,
   "mass_tons": 200,
   "grouping": -1,
   "requiredProjectName": "Project_SolarPlatformKit",
   "powerRequirement_MW": 0,
   "laserPowerBonus_MW": 0,
   "thrustMultiplier": 1,
   "EVMultiplier": 1,
   "requiresHydrogenPropellant": null,
   "requiresNuclearDrive": null,
   "requiresFusionDrive": null,
   "weightedBuildMaterials": {
      "water": null,
      "volatiles": 0.4,
      "metals": 0.4,
      "nobleMetals": 0.2,
      "fissiles": null,
      "antimatter": null,
      "exotics": null
   },
   "specialModuleRules": [
      "FoundSolarPlatform",
      "",
      ""
   ],
   "iconResource": "shipbuildericons/ICO_SolarPlatformKit",
   "modelResource": ""
},
 {
   "dataName": "SolarOutpostKit",
   "friendlyName": "Solar Outpost Kit",
   "crew": 3,
   "mass_tons": 200,
   "grouping": -1,
   "requiredProjectName": "Project_SolarOutpostKit",
   "powerRequirement_MW": 0,
   "laserPowerBonus_MW": 0,
   "thrustMultiplier": 1,
   "EVMultiplier": 1,
   "requiresHydrogenPropellant": null,
   "requiresNuclearDrive": null,
   "requiresFusionDrive": null,
   "weightedBuildMaterials": {
      "water": null,
      "volatiles": 0.4,
      "metals": 0.4,
      "nobleMetals": 0.2,
      "fissiles": null,
      "antimatter": null,
      "exotics": null
   },
   "specialModuleRules": [
      "FoundSolarOutpost",
      "",
      ""
   ],
   "iconResource": "shipbuildericons/ICO_SolarOutpostKit",
   "modelResource": ""
},
 {
   "dataName": "FissionPlatformKit",
   "friendlyName": "Fission Platform Kit",
   "crew": 3,
   "mass_tons": 250,
   "grouping": -1,
   "requiredProjectName": "Project_FissionPlatformKit",
   "powerRequirement_MW": 0,
   "laserPowerBonus_MW": 0,
   "thrustMultiplier": 1,
   "EVMultiplier": 1,
   "requiresHydrogenPropellant": null,
   "requiresNuclearDrive": null,
   "requiresFusionDrive": null,
   "weightedBuildMaterials": {
      "water": 0.1,
      "volatiles": 0.25,
      "metals": 0.4,
      "nobleMetals": 0.225,
      "fissiles": 0.05,
      "antimatter": null,
      "exotics": null
   },
   "specialModuleRules": [
      "FoundFissionPlatform",
      "",
      ""
   ],
   "iconResource": "shipbuildericons/ICO_FissionPlatformKit",
   "modelResource": ""
},
 {
   "dataName": "FissionOutpostKit",
   "friendlyName": "Fission Outpost Kit",
   "crew": 3,
   "mass_tons": 300,
   "grouping": -1,
   "requiredProjectName": "Project_FissionOutpostKit",
   "powerRequirement_MW": 0,
   "laserPowerBonus_MW": 0,
   "thrustMultiplier": 1,
   "EVMultiplier": 1,
   "requiresHydrogenPropellant": null,
   "requiresNuclearDrive": null,
   "requiresFusionDrive": null,
   "weightedBuildMaterials": {
      "water": 0.1,
      "volatiles": 0.25,
      "metals": 0.4,
      "nobleMetals": 0.225,
      "fissiles": 0.05,
      "antimatter": null,
      "exotics": null
   },
   "specialModuleRules": [
      "FoundFissionOutpost",
      "",
      ""
   ],
   "iconResource": "shipbuildericons/ICO_FissionOutpostKit",
   "modelResource": ""
},
 {
   "dataName": "FusionPlatformKit",
   "friendlyName": "Fusion Platform Kit",
   "crew": 3,
   "mass_tons": 250,
   "grouping": -1,
   "requiredProjectName": "Project_FusionPlatformKit",
   "powerRequirement_MW": 0,
   "laserPowerBonus_MW": 0,
   "thrustMultiplier": 1,
   "EVMultiplier": 1,
   "requiresHydrogenPropellant": null,
   "requiresNuclearDrive": null,
   "requiresFusionDrive": null,
   "weightedBuildMaterials": {
      "water": 0.05,
      "volatiles": 0.2,
      "metals": 0.4,
      "nobleMetals": 0.34,
      "fissiles": 0.02,
      "antimatter": null,
      "exotics": null
   },
   "specialModuleRules": [
      "FoundFusionPlatform",
      "",
      ""
   ],
   "iconResource": "shipbuildericons/ICO_FusionPlatformKit",
   "modelResource": ""
},
 {
   "dataName": "FusionOutpostKit",
   "friendlyName": "Fusion Outpost Kit",
   "crew": 3,
   "mass_tons": 300,
   "grouping": -1,
   "requiredProjectName": "Project_FusionOutpostKit",
   "powerRequirement_MW": 0,
   "laserPowerBonus_MW": 0,
   "thrustMultiplier": 1,
   "EVMultiplier": 1,
   "requiresHydrogenPropellant": null,
   "requiresNuclearDrive": null,
   "requiresFusionDrive": null,
   "weightedBuildMaterials": {
      "water": 0.05,
      "volatiles": 0.2,
      "metals": 0.4,
      "nobleMetals": 0.34,
      "fissiles": 0.02,
      "antimatter": null,
      "exotics": null
   },
   "specialModuleRules": [
      "FoundFusionOutpost",
      "",
      ""
   ],
   "iconResource": "shipbuildericons/ICO_FusionOutpostKit",
   "modelResource": ""
},
 {
   "dataName": "AutomatedSolarPlatformKit",
   "friendlyName": "Automated Solar Platform Kit",
   "crew": 12,
   "mass_tons": 250,
   "grouping": -1,
   "requiredProjectName": "Project_AutomatedSolarPlatformKit",
   "powerRequirement_MW": 0,
   "laserPowerBonus_MW": 0,
   "thrustMultiplier": 1,
   "EVMultiplier": 1,
   "requiresHydrogenPropellant": null,
   "requiresNuclearDrive": null,
   "requiresFusionDrive": null,
   "weightedBuildMaterials": {
      "water": null,
      "volatiles": 0.4,
      "metals": 0.4,
      "nobleMetals": 0.2,
      "fissiles": null,
      "antimatter": null,
      "exotics": null
   },
   "specialModuleRules": [
      "FoundAutomatedSolarPlatform",
      "",
      ""
   ],
   "iconResource": "shipbuildericons/ICO_AutomatedSolarPlatformKit",
   "modelResource": ""
},
 {
   "dataName": "AutomatedSolarOutpostKit",
   "friendlyName": "Automated Solar Outpost Kit",
   "crew": 12,
   "mass_tons": 1200,
   "grouping": -1,
   "requiredProjectName": "Project_AutomatedSolarOutpostKit",
   "powerRequirement_MW": 0,
   "laserPowerBonus_MW": 0,
   "thrustMultiplier": 1,
   "EVMultiplier": 1,
   "requiresHydrogenPropellant": null,
   "requiresNuclearDrive": null,
   "requiresFusionDrive": null,
   "weightedBuildMaterials": {
      "water": null,
      "volatiles": 0.4,
      "metals": 0.4,
      "nobleMetals": 0.2,
      "fissiles": null,
      "antimatter": null,
      "exotics": null
   },
   "specialModuleRules": [
      "FoundAutomatedSolarOutpost",
      "",
      ""
   ],
   "iconResource": "shipbuildericons/ICO_AutomatedSolarOutpostKit",
   "modelResource": ""
},
 {
   "dataName": "AutomatedFissionPlatformKit",
   "friendlyName": "Automated Fission Platform Kit",
   "crew": 12,
   "mass_tons": 300,
   "grouping": -1,
   "requiredProjectName": "Project_AutomatedFissionPlatformKit",
   "powerRequirement_MW": 0,
   "laserPowerBonus_MW": 0,
   "thrustMultiplier": 1,
   "EVMultiplier": 1,
   "requiresHydrogenPropellant": null,
   "requiresNuclearDrive": null,
   "requiresFusionDrive": null,
   "weightedBuildMaterials": {
      "water": 0.1,
      "volatiles": 0.25,
      "metals": 0.4,
      "nobleMetals": 0.225,
      "fissiles": 0.05,
      "antimatter": null,
      "exotics": null
   },
   "specialModuleRules": [
      "FoundAutomatedFissionPlatform",
      "",
      ""
   ],
   "iconResource": "shipbuildericons/ICO_AutomatedFissionPlatformKit",
   "modelResource": ""
},
 {
   "dataName": "AutomatedFissionOutpostKit",
   "friendlyName": "Automated Fission Outpost Kit",
   "crew": 12,
   "mass_tons": 1800,
   "grouping": -1,
   "requiredProjectName": "Project_AutomatedFissionOutpostKit",
   "powerRequirement_MW": 0,
   "laserPowerBonus_MW": 0,
   "thrustMultiplier": 1,
   "EVMultiplier": 1,
   "requiresHydrogenPropellant": null,
   "requiresNuclearDrive": null,
   "requiresFusionDrive": null,
   "weightedBuildMaterials": {
      "water": 0.1,
      "volatiles": 0.25,
      "metals": 0.4,
      "nobleMetals": 0.225,
      "fissiles": 0.05,
      "antimatter": null,
      "exotics": null
   },
   "specialModuleRules": [
      "FoundAutomatedFissionOutpost",
      "",
      ""
   ],
   "iconResource": "shipbuildericons/ICO_AutomatedFissionOutpostKit",
   "modelResource": ""
},
 {
   "dataName": "ElectronicCountermeasures1",
   "friendlyName": "Electronic Countermeasures 1",
   "crew": 2,
   "mass_tons": 10,
   "grouping": 9,
   "requiredProjectName": "Project_ECM1",
   "powerRequirement_MW": 2,
   "laserPowerBonus_MW": 0,
   "thrustMultiplier": 1,
   "EVMultiplier": 1,
   "requiresHydrogenPropellant": null,
   "requiresNuclearDrive": null,
   "requiresFusionDrive": null,
   "weightedBuildMaterials": {
      "water": null,
      "volatiles": 0.2,
      "metals": 0.4,
      "nobleMetals": 0.4,
      "fissiles": null,
      "antimatter": null,
      "exotics": null
   },
   "specialModuleRules": [
      "ECM1",
      "",
      ""
   ],
   "iconResource": "shipbuildericons/ICO_ECM_A",
   "modelResource": ""
},
 {
   "dataName": "ElectronicCountermeasures2",
   "friendlyName": "Electronic Countermeasures 2",
   "crew": 2,
   "mass_tons": 10,
   "grouping": 9,
   "requiredProjectName": "Project_ECM2",
   "powerRequirement_MW": 3,
   "laserPowerBonus_MW": 0,
   "thrustMultiplier": 1,
   "EVMultiplier": 1,
   "requiresHydrogenPropellant": null,
   "requiresNuclearDrive": null,
   "requiresFusionDrive": null,
   "weightedBuildMaterials": {
      "water": null,
      "volatiles": 0.2,
      "metals": 0.4,
      "nobleMetals": 0.4,
      "fissiles": null,
      "antimatter": null,
      "exotics": null
   },
   "specialModuleRules": [
      "ECM2",
      "",
      ""
   ],
   "iconResource": "shipbuildericons/ICO_ECM_B",
   "modelResource": ""
},
 {
   "dataName": "ElectronicCountermeasures3",
   "friendlyName": "Electronic Countermeasures 3",
   "crew": 2,
   "mass_tons": 10,
   "grouping": 9,
   "requiredProjectName": "Project_ECM3",
   "powerRequirement_MW": 4,
   "laserPowerBonus_MW": 0,
   "thrustMultiplier": 1,
   "EVMultiplier": 1,
   "requiresHydrogenPropellant": null,
   "requiresNuclearDrive": null,
   "requiresFusionDrive": null,
   "weightedBuildMaterials": {
      "water": null,
      "volatiles": 0.2,
      "metals": 0.4,
      "nobleMetals": 0.4,
      "fissiles": null,
      "antimatter": null,
      "exotics": null
   },
   "specialModuleRules": [
      "ECM3",
      "",
      ""
   ],
   "iconResource": "shipbuildericons/ICO_ECM_C",
   "modelResource": ""
},
 {
   "dataName": "HydraInfiltrationPod",
   "friendlyName": "Hydra Infiltration Pod",
   "crew": 1,
   "mass_tons": 10,
   "grouping": 5,
   "requiredProjectName": "Project_AlienMasterProject",
   "powerRequirement_MW": 0,
   "laserPowerBonus_MW": 0,
   "thrustMultiplier": 1,
   "EVMultiplier": 1,
   "requiresHydrogenPropellant": null,
   "requiresNuclearDrive": null,
   "requiresFusionDrive": null,
   "weightedBuildMaterials": {
      "water": 0.1,
      "volatiles": 0.6,
      "metals": 0.25,
      "nobleMetals": 0.05,
      "fissiles": null,
      "antimatter": null,
      "exotics": null
   },
   "specialModuleRules": [
      "Crashdown",
      "LandHydra",
      "ImmunetoAerobrakingDamage"
   ],
   "iconResource": "shipbuildericons/ICO_MarineAssaultUnit",
   "modelResource": ""
},
 {
   "dataName": "SalamanderTerrorUnitPod",
   "friendlyName": "Salamander Terror Unit Pod",
   "crew": 30,
   "mass_tons": 10,
   "grouping": 6,
   "requiredProjectName": "Project_AlienMasterProject",
   "powerRequirement_MW": 0,
   "laserPowerBonus_MW": 0,
   "thrustMultiplier": 1,
   "EVMultiplier": 1,
   "requiresHydrogenPropellant": null,
   "requiresNuclearDrive": null,
   "requiresFusionDrive": null,
   "weightedBuildMaterials": {
      "water": 0.1,
      "volatiles": 0.6,
      "metals": 0.25,
      "nobleMetals": 0.05,
      "fissiles": null,
      "antimatter": null,
      "exotics": null
   },
   "specialModuleRules": [
      "Crashdown",
      "Salamanders",
      "ImmunetoAerobrakingDamage"
   ],
   "iconResource": "shipbuildericons/ICO_MarineAssaultUnit",
   "modelResource": ""
},
 {
   "dataName": "AlienArmyPod",
   "friendlyName": "Alien Army Pod",
   "crew": 3000,
   "mass_tons": 10000,
   "grouping": 7,
   "requiredProjectName": "Project_AlienMasterProject",
   "powerRequirement_MW": 0,
   "laserPowerBonus_MW": 0,
   "thrustMultiplier": 1,
   "EVMultiplier": 1,
   "requiresHydrogenPropellant": null,
   "requiresNuclearDrive": null,
   "requiresFusionDrive": null,
   "weightedBuildMaterials": {
      "water": 0.1,
      "volatiles": 0.35,
      "metals": 0.4,
      "nobleMetals": 0.125,
      "fissiles": null,
      "antimatter": null,
      "exotics": 0.025
   },
   "specialModuleRules": [
      "LandArmy",
      "ImmunetoAerobrakingDamage",
      ""
   ],
   "iconResource": "shipbuildericons/ICO_Unknown",
   "modelResource": ""
},
 {
   "dataName": "AlienFusionOutpostKit",
   "friendlyName": "Alien Fusion Outpost Kit",
   "crew": 0,
   "mass_tons": 500,
   "grouping": -1,
   "requiredProjectName": "Project_AlienMasterProject",
   "powerRequirement_MW": 0,
   "laserPowerBonus_MW": 0,
   "thrustMultiplier": 1,
   "EVMultiplier": 1,
   "requiresHydrogenPropellant": null,
   "requiresNuclearDrive": null,
   "requiresFusionDrive": null,
   "weightedBuildMaterials": {
      "water": 0.05,
      "volatiles": 0.2,
      "metals": 0.4,
      "nobleMetals": 0.34,
      "fissiles": 0.01,
      "antimatter": null,
      "exotics": null
   },
   "specialModuleRules": [
      "FoundFusionPlatform",
      "",
      ""
   ],
   "iconResource": "shipbuildericons/ICO_Unknown",
   "modelResource": ""
},
 {
   "dataName": "AlienFusionPlatformKit",
   "friendlyName": "Alien Fusion Platform Kit",
   "crew": 0,
   "mass_tons": 500,
   "grouping": -1,
   "requiredProjectName": "Project_AlienMasterProject",
   "powerRequirement_MW": 0,
   "laserPowerBonus_MW": 0,
   "thrustMultiplier": 1,
   "EVMultiplier": 1,
   "requiresHydrogenPropellant": null,
   "requiresNuclearDrive": null,
   "requiresFusionDrive": null,
   "weightedBuildMaterials": {
      "water": 0.05,
      "volatiles": 0.2,
      "metals": 0.4,
      "nobleMetals": 0.34,
      "fissiles": 0.01,
      "antimatter": null,
      "exotics": null
   },
   "specialModuleRules": [
      "FoundFusionOutpost",
      "",
      ""
   ],
   "iconResource": "shipbuildericons/ICO_Unknown",
   "modelResource": ""
},
 {
   "dataName": "AlienNeutroniumSpiker",
   "friendlyName": "Alien Neutronium Spiker",
   "crew": 0,
   "mass_tons": 30,
   "grouping": 3,
   "requiredProjectName": "Project_AlienMasterProject",
   "powerRequirement_MW": 0,
   "laserPowerBonus_MW": 0,
   "thrustMultiplier": 1.35,
   "EVMultiplier": 1,
   "requiresHydrogenPropellant": null,
   "requiresNuclearDrive": null,
   "requiresFusionDrive": null,
   "weightedBuildMaterials": {
      "water": 0.1,
      "volatiles": 0.2,
      "metals": 0.3,
      "nobleMetals": 0.39,
      "fissiles": 0.01,
      "antimatter": null,
      "exotics": null
   },
   "specialModuleRules": [
      "",
      "",
      ""
   ],
   "iconResource": "shipbuildericons/ICO_Unknown",
   "modelResource": ""
},
 {
   "dataName": "AlienSlushHydrogenTankage",
   "friendlyName": "Alien Slush Hydrogen Tankage",
   "crew": 0,
   "mass_tons": 10,
   "grouping": 4,
   "requiredProjectName": "Project_AlienMasterProject",
   "powerRequirement_MW": 0,
   "laserPowerBonus_MW": 0,
   "thrustMultiplier": 1,
   "EVMultiplier": 1.5,
   "requiresHydrogenPropellant": true,
   "requiresNuclearDrive": null,
   "requiresFusionDrive": null,
   "weightedBuildMaterials": {
      "water": null,
      "volatiles": 0.35,
      "metals": 0.35,
      "nobleMetals": 0.3,
      "fissiles": null,
      "antimatter": null,
      "exotics": null
   },
   "specialModuleRules": [
      "",
      "",
      ""
   ],
   "iconResource": "shipbuildericons/ICO_Unknown",
   "modelResource": ""
},
 {
   "dataName": "AlienHydronTrap",
   "friendlyName": "Alien Hydron Trap",
   "crew": 0,
   "mass_tons": 10,
   "grouping": 4,
   "requiredProjectName": "Project_AlienMasterProject",
   "powerRequirement_MW": 0,
   "laserPowerBonus_MW": 0,
   "thrustMultiplier": 1,
   "EVMultiplier": 2,
   "requiresHydrogenPropellant": true,
   "requiresNuclearDrive": null,
   "requiresFusionDrive": null,
   "weightedBuildMaterials": {
      "water": null,
      "volatiles": 0.25,
      "metals": 0.35,
      "nobleMetals": 0.35,
      "fissiles": null,
      "antimatter": null,
      "exotics": 0.05
   },
   "specialModuleRules": [
      "",
      "",
      ""
   ],
   "iconResource": "shipbuildericons/ICO_Unknown",
   "modelResource": ""
},
 {
   "dataName": "AlienSurveillanceModule",
   "friendlyName": "Alien Surveillance Module",
   "crew": 3,
   "mass_tons": 20,
   "grouping": 8,
   "requiredProjectName": "Project_AlienMasterProject",
   "powerRequirement_MW": 0,
   "laserPowerBonus_MW": 0,
   "thrustMultiplier": 1,
   "EVMultiplier": 1,
   "requiresHydrogenPropellant": null,
   "requiresNuclearDrive": null,
   "requiresFusionDrive": null,
   "weightedBuildMaterials": {
      "water": null,
      "volatiles": 0.1,
      "metals": 0.6,
      "nobleMetals": 0.3,
      "fissiles": null,
      "antimatter": null,
      "exotics": null
   },
   "specialModuleRules": [
      "Surveillance",
      "",
      ""
   ],
   "iconResource": "shipbuildericons/ICO_Unknown",
   "modelResource": ""
},
 {
   "dataName": "AlienECM",
   "friendlyName": "Alien ECM",
   "crew": 1,
   "mass_tons": 10,
   "grouping": 9,
   "requiredProjectName": "Project_AlienMasterProject",
   "powerRequirement_MW": 2,
   "laserPowerBonus_MW": 0,
   "thrustMultiplier": 1,
   "EVMultiplier": 1,
   "requiresHydrogenPropellant": null,
   "requiresNuclearDrive": null,
   "requiresFusionDrive": null,
   "weightedBuildMaterials": {
      "water": null,
      "volatiles": 0.2,
      "metals": 0.4,
      "nobleMetals": 0.4,
      "fissiles": null,
      "antimatter": null,
      "exotics": null
   },
   "specialModuleRules": [
      "ECM3",
      "",
      ""
   ],
   "iconResource": "shipbuildericons/ICO_Unknown",
   "modelResource": ""
},
 {
   "dataName": "AlienRepairBay",
   "friendlyName": "Alien Repair Bay",
   "crew": 1,
   "mass_tons": 500,
   "grouping": -1,
   "requiredProjectName": "Project_AlienMasterProject",
   "powerRequirement_MW": 0,
   "laserPowerBonus_MW": 0,
   "thrustMultiplier": 1,
   "EVMultiplier": 1,
   "requiresHydrogenPropellant": null,
   "requiresNuclearDrive": null,
   "requiresFusionDrive": null,
   "weightedBuildMaterials": {
      "water": null,
      "volatiles": 0.2,
      "metals": 0.6,
      "nobleMetals": 0.2,
      "fissiles": null,
      "antimatter": null,
      "exotics": null
   },
   "specialModuleRules": [
      "Repair",
      "",
      ""
   ],
   "iconResource": "shipbuildericons/ICO_Unknown",
   "modelResource": ""
},
 {
   "dataName": "Empty",
   "friendlyName": "Empty",
   "crew": 0,
   "mass_tons": 0,
   "grouping": -1,
   "requiredProjectName": "",
   "powerRequirement_MW": null,
   "laserPowerBonus_MW": 0,
   "thrustMultiplier": 1,
   "EVMultiplier": 1,
   "requiresHydrogenPropellant": null,
   "requiresNuclearDrive": null,
   "requiresFusionDrive": null,
   "weightedBuildMaterials": {
      "water": null,
      "volatiles": null,
      "metals": null,
      "nobleMetals": null,
      "fissiles": null,
      "antimatter": null,
      "exotics": null
   },
   "specialModuleRules": [
      "",
      "",
      ""
   ],
   "iconResource": "",
   "modelResource": ""
}
]