[
 {
   "dataName": "vc_appeaseVictory",
   "victoryEffect": "HumanNationsToWinningFaction",
   "victoryConditions": [
      {
         "conditionType": "GlobalPopulationProportion",
         "value": 0.5
      },
      {
         "conditionType": "MinProAlienFleetPower",
         "value": 0.7
      },
      {
         "conditionType": "GlobalControlPointProportion",
         "value": 0.65
      }
   ]
},
 {
   "dataName": "vc_cooperateVictory",
   "victoryEffect": "EndGame",
   "victoryConditions": [
      {
         "conditionType": "GlobalPopulationProportion",
         "value": 0.75
      },
      {
         "conditionType": "MaxOtherFactionsFleetPower",
         "value": 0.25
      },
      {
         "conditionType": "GlobalControlPointProportion",
         "value": 0.75
      }
   ]
},
 {
   "dataName": "vc_destroyVictory",
   "victoryEffect": "EndGame",
   "victoryConditions": [
      {
         "conditionType": "AlienNationMaxRegionProportion",
         "value": 0
      },
      {
         "conditionType": "MaxProAlienFleetPower",
         "value": 0.2
      },
      {
         "conditionType": "ProAlienMaxRegionProportion",
         "value": 0.2
      }
   ]
},
 {
   "dataName": "vc_escapeVictory",
   "victoryEffect": "none",
   "victoryConditions": [
      {
         "conditionType": "",
         "value": null
      },
      {
         "conditionType": "",
         "value": null
      },
      {
         "conditionType": "",
         "value": null
      }
   ]
},
 {
   "dataName": "vc_exploitVictory",
   "victoryEffect": "EndGame",
   "victoryConditions": [
      {
         "conditionType": "GlobalPopulationProportion",
         "value": 0.5
      },
      {
         "conditionType": "MaxOtherFactionsFleetPower",
         "value": 0.25
      },
      {
         "conditionType": "GlobalControlPointProportion",
         "value": 0.65
      }
   ]
},
 {
   "dataName": "vc_resistVictory",
   "victoryEffect": "EndGame",
   "victoryConditions": [
      {
         "conditionType": "AlienNationMaxRegionProportion",
         "value": 0
      },
      {
         "conditionType": "MaxProAlienFleetPower",
         "value": 0.25
      },
      {
         "conditionType": "",
         "value": null
      }
   ]
},
 {
   "dataName": "vc_submitVictory",
   "victoryEffect": "HumanNationsToAlienNation",
   "victoryConditions": [
      {
         "conditionType": "AlienNationMinPopulationProportion",
         "value": 0.65
      },
      {
         "conditionType": "MinProAlienFleetPower",
         "value": 0.8
      },
      {
         "conditionType": "",
         "value": null
      }
   ]
}
]